id,label,PC1,PC2
SP001,1,-0.030717641787714186,-0.06186170493260679
SP002,1,-0.1900167258574313,0.1484172816438688
SP003,1,-0.009300387460555358,-0.07179175849747466
SP004,1,-0.013884787256544927,-0.07124157430092364
SP005,1,-0.005489971484071639,-0.06801724002012818
SP006,1,-0.25410652906692216,0.21580820964631967
SP007,1,0.15810440352028468,0.046803464990061446
SP008,1,-0.19389426991017877,0.1463633245867529
SP009,1,-0.1809330095303567,0.1376346373111777
SP010,1,-0.15346133633254072,0.08321585597019122
SP011,1,-0.218426118283337,0.17640770578416903
SP012,1,-0.18874630221612143,0.13661682594438251
SP013,1,0.007088265514382566,-0.06275294059632915
SP014,1,-0.0175412953830999,-0.058047322480990524
SP015,1,-0.23304527044849566,0.19270230058687882
SP016,1,-0.2125075421279106,0.16952950203234304
SP017,1,-0.009156491919129678,-0.06158299139526228
SP018,1,-0.3720651151010736,0.347799649153485
SP019,1,-0.13241976727196775,0.0778334798950113
SP020,1,-0.015099380925781383,-0.08846804300589255
SP021,1,0.32614439672793544,0.15331173409080262
SP022,1,0.42421059334946865,0.2154656082748431
SP023,1,0.365198297560445,0.16274725748755317
SP024,1,0.3293412560579979,0.14228356766886296
SP025,1,0.28008490292277866,0.09843721560841735
SP026,1,0.32324322392534166,0.11451223765926938
SP027,1,0.46007846536689545,0.22544270121715937
SP028,1,0.23725788837674402,0.07895212707546898
SP029,1,0.5326486853672668,0.2904651344594171
SP030,1,0.29350918309244917,0.1030659950175789
SP031,1,0.3644190450536708,0.157945403795003
SP032,1,0.29895630313855887,0.13688741584402275
SP033,1,0.3315077250426762,0.1354979616423343
SP034,1,0.3903643749871209,0.17931213217995187
SP035,1,0.5246031632223238,0.26447574947913033
SP036,1,0.1754471459627662,0.04273554390631552
SP037,1,0.5585858068869389,0.2881990168793652
SP038,1,0.1702061291867836,0.040483654380325966
SP039,1,0.4960587933308891,0.253736392788166
SP040,1,0.5479440316661199,0.28223121143807306
SP041,1,0.1566546650267774,0.03592374924786216
SP042,1,0.6085545540618827,0.33133159679990976
SP043,1,0.5689041625041102,0.31394370155717494
SP044,1,0.5654937251065025,0.31205672925952926
SP045,1,0.5914672157556022,0.33390224660166656
SP046,1,0.545763507747974,0.293786026293376
SP047,1,0.168290350534251,0.03560219067333435
SP048,1,0.17023965826070503,0.042004840622134186
SP049,1,0.6492652748715998,0.35533137836790873
SP050,1,0.6575063602896737,0.3555359162457253
SP051,1,0.019789879382883117,-0.062491372469163135
SP052,1,0.5094744215624564,0.3049472295348393
SP053,1,0.49597115370525363,0.2583040685225793
SP054,1,0.22415420165544275,0.07478375088244985
SP055,1,0.47277881696466423,0.26244199017791886
SP056,1,0.4618833551498187,0.21290224141190267
SP057,1,-0.10031001760396754,0.0894935700749403
SP058,1,-0.2971355605532125,0.25951603576560067
SP059,1,-0.06541788739082624,0.00237734058850073
SP060,1,-0.03708253763509554,-0.0481744854118849
SP061,1,-0.2116517908191842,0.15101573992291834
SP062,1,-0.30292703368526075,0.2752621300021578
SP063,1,-0.24083179987759112,0.18825813663965202
SP064,1,-0.06366241867701519,-0.026409170575372197
SP065,1,-0.2755499904162097,0.25386482592618687
SP066,1,-0.07112185599340212,-0.013437897408241693
SP067,1,-0.12773551392415486,0.08121689538900592
SP068,1,-0.2390181441905244,0.20271674854610447
SP069,1,-0.28623148903207074,0.2535572780168832
SP070,1,-0.09442349712131921,0.020745337808036023
SP071,1,-0.3078381843756768,0.31108744900144186
SP072,1,-0.022928793168869664,-0.06229623736711381
SP073,1,-0.420758063034818,0.4286586967819925
SP074,1,-0.28827859004788237,0.2982648812278256
SP075,1,-0.32941442580550134,0.3488130591192485
SP076,1,-0.29478027595282286,0.30355269751582437
SP077,1,-0.40920565279436616,0.4155590861039039
SP078,1,-0.3913215400678259,0.4078438755639837
SP079,1,-0.22956651595471536,0.22818984757231411
SP080,1,-0.3873191553790982,0.4026206022886842
SP081,1,-0.31413511564978636,0.3259099329731505
SP082,1,-0.22792873885318946,0.2563501780972219
SP083,1,-0.33208891656891043,0.31768016506647323
SP084,1,-0.4043162192967028,0.4015810631062261
SP085,1,-0.38096078685507295,0.3927924538945417
SP086,1,-0.3306577288480563,0.3215534193329088
SP087,1,-0.41775142801164344,0.4266931231759624
SP088,1,-0.33211429617506977,0.3234357396207496
SP089,1,-0.28462985532249097,0.27460009329786217
SP090,1,-0.38396998751798267,0.40354805157892804
SP091,1,-0.3411036381341747,0.3384500750698546
SP092,1,-0.3232317007790091,0.31564399956483985
SP093,1,-0.34392356314108713,0.34976665771890825
SP094,1,-0.32617627769923774,0.29049866476105113
SP095,1,0.01882164993013336,-0.08173172702731672
SP096,1,-0.16937305244122422,0.1456104686613581
SP097,1,-0.026795809674138787,-0.05241819856897985
SP098,1,-0.04033379237381863,-0.03333673505233267
SP099,1,-0.02133274410733367,-0.05946280732435136
SP100,1,0.013618890854242277,-0.05368685451997394
FN001,2,-0.005735393147158201,-0.1175661968399879
FN002,2,-0.0011425405869971957,-0.12393689930187696
FN003,2,-0.006257733361319868,-0.12232439981416607
FN004,2,-0.0070397359435787525,-0.10464892592097116
FN005,2,-0.012193774447313845,-0.11632421257585303
FN006,2,-0.005819901600778476,-0.11146111527016674
FN007,2,-0.008123334271139038,-0.10045251218823438
FN008,2,-0.004008668455438361,-0.10169071472291381
FN009,2,-0.004490579642202943,-0.1326074780330209
FN010,2,-0.00841786258166146,-0.1353215937186425
FN011,2,-0.014494704451601986,-0.11660877573927038
FN012,2,-0.01478026719385322,-0.231179845813757
FN013,2,-0.012818441609559738,-0.14517890148940618
FN014,2,-0.004141535865198549,-0.13397307449512344
FN015,2,-0.012655901016858312,-0.1559678352709989
FN016,2,-0.01095195747945282,-0.11745606248248645
FN017,2,-0.003355312877323153,-0.11660572736495967
FN018,2,-0.008712736344108081,-0.15653942527234246
FN019,2,-0.004630039694037041,-0.13961328896382597
FN020,2,-0.009939406398514322,-0.19935370774980496
FN021,2,-0.014888939821174913,-0.23625518850311508
FN022,2,-0.0048193115893971385,-0.16274111119507406
FN023,2,-0.023724730959992633,-0.12799873634727554
FN024,2,-0.009915614216809344,-0.17418797583463808
FN025,2,-0.017585528579145047,-0.2502072332202859
FN026,2,-0.013457097514102068,-0.1600819541874332
FN027,2,-0.0015611166121011735,-0.18267085510239298
FN028,2,-0.00038139533400739464,-0.16549063863201144
FN029,2,-0.009031567902602228,-0.1356309858692901
FN030,2,-0.004700305865412718,-0.1437702241573663
FN031,2,-0.01556973695671514,-0.2990849176466321
FN032,2,-0.012930814879713863,-0.3207542201341762
FN033,2,-0.017719807358760394,-0.3271161079022668
FN034,2,-0.027138253395519448,-0.14515477721577458
FN035,2,-0.02597212640400645,-0.13138541575601548
FN036,2,-0.014194758936242195,-0.29712073007212203
FN037,2,-0.01246765436982041,-0.157664829169417
FN038,2,-0.014720637676717784,-0.2173559183740716
FN039,2,-0.01576649028061706,-0.3269608590895083
FN040,2,-0.017358795868479972,-0.25025267405011137
FN041,2,-0.007542104122802582,-0.1773238126394537
FN042,2,-0.01807024194980657,-0.21018917759187872
FN043,2,-0.017719062025109256,-0.18985857329281844
FN044,2,-0.006991148492835498,-0.1536001360131438
FN045,2,-0.0076311424439450635,-0.14600254390622716
FN046,2,-0.029402277662077786,-0.12616866144041883
FN047,2,-0.01565208336295498,-0.2105314644325796
FN048,2,-0.016953764153444354,-0.272301086130857
FN049,2,-0.018648013722668888,-0.276935133691203
FN050,2,-0.03704015855281941,-0.2567133388200894
FN051,2,-0.02232368261568461,-0.198705241395129
FN052,2,-0.010401788704950439,-0.12561103480995217
FN053,2,-0.0329032474813272,-0.2160139692383733
FN054,2,-0.04695437756538837,-0.25101636610331507
FN055,2,-0.012446126037147943,-0.23560644916777868
FN056,2,-0.01344686412681931,-0.2616362551430002
FN057,2,-0.014302614419944903,-0.17215942469624318
FN058,2,-0.0072747036619669235,-0.1355397510944024
FN059,2,-0.01845656590340418,-0.18528367721560368
FN060,2,-0.011734813474411437,-0.15277706603779737
FN061,2,-0.013710074416633564,-0.3024859083051838
FN062,2,0.0019640241067102105,-0.12486399464967936
FN063,2,-0.01640494493239767,-0.1862058217609609
FN064,2,-0.009017578543561553,-0.2006600768381655
FN065,2,-0.013687131934110825,-0.19320021025159279
FN066,2,-0.01104813404561223,-0.13713629562038937
FN067,2,-0.01655457350603164,-0.13353559128505565
FN068,2,-0.014305791309092415,-0.206695473154076
FN069,2,-0.010765107935736104,-0.16295298522551357
FN070,2,-0.013393470114371007,-0.17177530480590983
FN071,2,-0.018665982141726538,-0.10480128396521679
FN072,2,-0.013697379024509772,-0.12203392267028268
FN073,2,-0.03208201444805367,-0.22694074056996116
FN074,2,-0.009741266031490758,-0.10175075635696022
FN075,2,-0.03434155415947562,-0.09588618066909281
FN076,2,-0.02910791703816252,-0.12644098081970004
FN077,2,-0.019388311000853947,-0.09715818608600497
FN078,2,-0.013080402429951843,-0.16342175379713747
FN079,2,-0.012036690319198346,-0.16745636119185595
FN080,2,-0.0023878085430671272,-0.16868529906064128
FN081,2,-0.041955696130874076,-0.10603920740616715
FN082,2,-0.04305544430935149,-0.13201196997447348
FN083,2,-0.021911509663341173,-0.14337151278497953
FN084,2,-0.011464255049828178,-0.17592814238008558
FN085,2,-0.014553534963361672,-0.15643711604678415
FN086,2,-0.0077642700078705456,-0.17894737144229383
FN087,2,-0.03056929378194541,-0.1509939875028513
FN088,2,-0.01721016217582974,-0.17297561451921073
FN089,2,-0.05750390684238768,-0.08947897685569503
FN090,2,-0.01703197928622688,-0.15714492937078517
FN091,2,-0.032049965247447715,-0.16050270570844233
FN092,2,-0.016393606295597954,-0.15154232892406377
FN093,2,-0.027478235646845456,-0.24643120977786598
FN094,2,-0.018198191242165127,-0.2586832020262976
FN095,2,-0.012601979811616605,-0.2464371257000813
FN096,2,-0.02657919999273183,-0.19321713328859322
FN097,2,-0.0245749490683404,-0.2028152248404609
FN098,2,-0.017005829212952437,-0.25453081770675107
FN099,2,-0.01330416193973869,-0.1593042440846041
FN100,2,-0.015320025905513348,-0.1620880576849971
