id,label,PC1,PC2,PC3,PC4,PC5,PC6,PC7,PC8,PC9,PC10,PC11,PC12,PC13,PC14,PC15,PC16,PC17,PC18,PC19,PC20
SP001,1,0.1805335684191738,0.17270302618104386,-0.1375365139007484,-0.04666085684291422,-0.04328782455972366,-0.29243208504804896,-0.017876633621875797,0.44957532678819756,0.12258778041174181,-0.16457229917075375,0.16505029027197887,0.06325006615922525,0.00746188521602319,0.05137413883718949,0.05427364049735222,-0.006296791744146764,-0.023225863184546062,0.021588609711321843,-0.11949455453518917,0.013789816789453199
SP002,1,0.3055181039371636,-0.25204877218981775,0.0078003060039438694,-0.28547043706746467,0.016915816199838975,0.057498620863016964,-0.1543878398502687,0.07934606085461425,-0.024263375431042847,-0.025406734212522687,0.0116127731356108,-0.00926675522258503,-0.028011901376613996,0.012627341050854791,-0.010129187662969703,0.01640695367021084,-0.04216770029276545,0.035142881788831876,-0.045850621290546484,0.02235702425741715
SP003,1,0.2860002157656131,0.1833608651854987,-0.14681714379655708,-0.10997400665819265,-0.004755640005597784,-0.21390397326919694,-0.02900006332599779,0.38488601899857083,0.11163545982009515,-0.17927790590812492,0.1758773864899653,0.0845686470373897,0.017562421741736306,0.06362242969393085,0.0801766535228811,-0.03760942419785321,-0.04733868576913054,0.027076895796354514,-0.08737483095371812,0.0021146021649400704
SP004,1,0.1933485651622546,0.20687613531772292,-0.10945267704118175,-0.002960822088471997,-0.03302414851668532,-0.30216686856227754,-0.014674859759215056,0.4752215501368201,0.13997281061115033,-0.10042954746390136,0.1428206289802347,0.08431200949644817,-0.015349383817610373,0.06480164923875235,0.02052902402972708,-0.0142437700708521,-0.02873583707993757,-0.013059320920946789,-0.0802108141120951,-0.05054348691395344
SP005,1,-0.11472754819736045,0.014351929701582115,0.04053498421336845,-0.004951647559413866,-0.07015005018390894,-0.05306004163404875,-0.041638688956482144,-0.040038099317579075,-0.043321325697729236,-0.03203550177462091,-0.05696532557040556,-0.03638466697265339,0.01671305177595711,-0.10429820751588273,-0.025188119305656863,-0.07820560950351363,0.02408243440919063,-0.00356111765593579,-0.07863704261136296,0.05493515976113228
SP006,1,-0.11222881593566993,-0.006157319469087089,-0.01440127357014778,-0.009742106846695624,-0.05067909090287531,-0.06595215568866501,-0.03582627205535047,0.009079914565493898,-0.024494064021259365,0.001217799411086376,-0.061529963738589155,-0.06251191403112144,-0.018318766406922978,-0.035827597612155225,-0.013496904468899855,0.03621598959588678,0.005732037621090962,-0.023134304827353933,0.008326806319732497,-0.009381578156059082
SP007,1,0.06803248501529839,0.021641002328334363,0.033121001487802226,0.06240143859723367,-0.056759486244560106,-0.11047047088772508,0.09284087299645438,-0.029703775878837782,-0.021895669029946028,-0.023365283012017603,-0.032409763168428384,-0.026725976840262056,0.014646174104341079,-0.02380448419320242,-0.02372192284364692,-0.034556347399212754,0.0264496965533936,0.031212364528350488,0.07114912893193201,-0.06753571632667983
SP008,1,0.15285252787994627,0.11800412966006218,-0.08833494568367847,0.054997086000761336,-0.078607888768725,-0.29353034111681614,0.0717030157032879,0.3383875520688999,0.10112261225490328,-0.19481408981739687,0.17129449026439492,0.10785079652709165,0.04108627248834301,0.07340783068793576,0.04979767772872431,-0.17875601449111203,0.07628720000598181,-0.16118615675284328,0.21003749885025585,-0.03630752600260595
SP009,1,0.39198033015943656,0.030014708514473173,-0.06863687341219563,-0.026479901408288122,-0.021018606821490638,-0.15821501049136602,0.27373377724692327,-0.06937983784781424,0.026479649680430515,0.19780984974660537,-0.04943262370650557,0.021174493451094067,-0.004435313967608476,0.023724766415233096,0.01851293608907351,0.12409092019887574,0.3688163685252497,-0.0399224703946946,-0.10617104746192953,-0.09109533010666974
SP010,1,0.18704409870883537,0.18400390868719477,-0.07613458991081251,0.05004079640830666,-0.06875308236587267,-0.3458770869114806,0.06861966415498688,0.44126694805517164,0.12843932419419957,-0.16708705397601598,0.18670898570652347,0.0960301071907282,0.018917836718703066,0.05877581310009093,0.03905806066285589,-0.1037339480403098,-0.02754256279213978,-0.05102830062134249,-0.027993017459124084,-0.02132585298589812
SP011,1,-0.10079241448563266,0.011011496099933595,0.004684281801695218,0.006561384956198725,-0.0896591709032515,-0.1059761647211094,-0.07446640933184266,-0.005617258991248928,-0.04478990422955077,-0.02533120687376259,-0.16570021747968117,-0.15423434400979166,0.015004109685343988,-0.22478221769944298,-0.10778893743371226,-0.08826416676875305,0.12546338469438376,0.014058598796242558,-0.232648390711109,-0.02388122368634948
SP012,1,0.5301834550080775,-0.26419478647281325,0.038452890590761186,-0.34475680686277704,0.03781046028538648,0.10234049491594997,-0.16237708500839557,0.08229098440506033,0.026625915774068275,0.047109143363876435,-0.0418370766580896,-0.01162039137443623,-0.004642087208789394,-0.004567724604472169,-0.006727296756111421,0.0066301464921280275,-0.04924159989843072,0.02210910985457884,-0.048034142832823104,0.00978177421688408
SP013,1,0.3348112459345448,0.04121259213936362,-0.10498077533253353,-0.19481253716074406,0.045988749882561485,0.027737826104073635,-0.1463657634854629,0.1694945989124106,0.05019457164512125,0.0790519934370776,-0.058922180724732195,-0.012362450793749761,-0.04960612048117247,0.01827403157247663,-0.01587581657308353,0.07753366228376214,-0.030378720932294313,0.10241139752395628,-0.05636327763327539,-0.04638579145261012
SP014,1,-0.12590950013090887,-0.007950946247480698,-0.01659257159866031,-0.0014076933435178216,-0.0424755321361611,-0.06566281438569542,-0.0544525931735485,-0.003254243033456716,-0.03788368660354349,-0.02735507499787222,-0.12925094900561374,-0.08415212830135943,-0.016399084400137078,-0.05913448849913986,-0.06049342638548168,0.01597149614098501,0.029239549513083003,-0.06895643892693491,-0.04153865108047834,-0.008659187318642278
SP015,1,0.5582875237683783,-0.360392106964931,0.1145832365525812,-0.3036607704205177,0.01793073595842014,0.10910368019850228,-0.11864440016610418,-0.004789967002284418,-0.01988507339536112,-0.01729814319628876,-0.0105910760354566,-0.014761908134953844,-0.00243989539479396,-0.03908869922253207,-0.00837192452227492,-0.021441861484599575,-0.046266147934056416,-0.0017975767154908703,-0.017407319761631766,0.019537381439373253
SP016,1,0.13036567500024596,0.10309397298162548,-0.09510917990117862,0.053999196981325305,-0.031172066531082947,-0.1486515560214821,0.06302234596240798,0.0924057245712525,0.03961811637957578,0.14323785280603488,-0.037019713505007074,-0.0072488279298347025,0.00826307135812421,-0.027540376022631614,0.00020843299344365496,-0.04291851967991899,0.11289860871203555,-0.08499430386044178,0.08177230762877895,0.016318474585912384
SP017,1,0.11996848891836932,0.11092598968436027,-0.06335847613910449,0.03903333391998574,-0.031975030006029116,-0.11035397362190329,0.037035628163242414,0.06876955774288825,0.04732715813837672,0.04453268951868927,-0.010997994912709082,-0.011001735990370973,-0.019241453467650726,-0.03358487315434386,-0.03989576031657179,-0.026452765198757756,0.028430770454327573,0.005033313270756205,-0.016517199765549946,-0.0034368722898453466
SP018,1,-0.027066792869650438,0.06646159915684169,-0.043623655476374396,-0.013266563461205515,-0.013595748740444164,-0.05971830332456333,-0.06674718027649007,0.06337413593955744,0.03256821854770738,0.11987945186119538,-0.1331491326521825,-0.09110963735100731,-0.01820532916756683,-0.09135007667142964,-0.033730240768863606,0.0855199567097167,-0.03495252778537567,-0.0934196320652925,-0.03307035500990804,-0.012818162927075084
SP019,1,0.5039484524687229,-0.2663518096200635,0.05312893837960847,-0.2789865632530543,0.024931728499951535,0.08560942503211727,-0.10969355467419772,0.056091728392181586,0.022600008727316025,0.05307780331918594,-0.02701549424224238,-0.015961019748376406,-0.011503186593352753,-0.001121630511597531,-0.0011868695453959306,0.027311005892509663,-0.04293817248491165,0.019438395317840668,-0.06916249011992844,-0.022066668276257525
SP020,1,0.442236741765838,-0.23607208414400463,0.06058973738268435,-0.1413405117688228,-0.01262895687594007,0.03560694161959847,-0.030834987791071786,0.0212654819316608,-0.007172446849506825,-0.10883442354321522,0.01627571189483423,0.024972572542876145,0.040507331501550295,0.02813534632025035,-0.004904982456687925,-0.13528795743136232,0.0646640362633207,-0.1677111585239343,0.30589755151625814,0.0002896421040057942
SP021,1,0.38052300089119767,-0.25217864801115636,0.05408599471850554,-0.27296074332141973,0.017463317719641852,0.06473063154059404,-0.15454070669496855,0.03967926166123175,-0.034667156399861815,-0.019166305153833142,0.024320554281555416,-0.0002308208552539907,-0.014348775434891232,-0.03497506040737003,-0.028695132055343853,0.009461033689587343,-0.04674669250222577,0.03226000900345445,-0.09605696229211863,0.013840227272567989
SP022,1,0.48621210854456975,-0.14818160250535686,0.005878009354801109,-0.123577023133893,0.010416074397281053,0.01235087708580203,-0.00901487195479322,0.04488629408919868,0.038937692628854215,0.02891260355529311,-0.018126213662031772,0.031084618276872537,0.04106561626601249,0.033223345246388016,0.011405796026556236,-0.0878492854987665,0.12086241065580051,-0.17098800838381362,0.2683142605879149,-0.022031566250861574
SP023,1,0.5017168485062027,-0.3406613192594057,0.10552098527286369,-0.37316798072185403,0.0016391530577175846,0.10062828409863107,-0.11663887101242805,0.003133653674312346,-0.026172296038922113,-0.06832271750551625,-0.0002743088622584782,-0.012049459155303468,0.007481029951315627,-0.027116724426675853,0.0013553336055191821,-0.012469953437333928,-0.005028317702212435,0.00011235586116824311,-0.009651963935553313,0.018434850450382335
SP024,1,0.5331244294206462,-0.13357960289515514,0.004611033278470247,-0.3024263761735727,0.03924736115543754,0.08222194230567308,-0.14281778096246658,0.09025473118268092,0.0455131961521831,0.027919553070451665,-0.0274382109223762,-0.002655444372715717,0.011865088505115811,-0.008675016067411823,0.0002570263085006472,-0.0011207775637031524,-0.07239035015204914,0.0427324361891701,0.012094315767844704,-0.006490893784796351
SP025,1,0.31348869518489814,-0.15153302019036874,0.01962310322869501,-0.20636992436616852,-0.0009604735167631412,0.05627370111419434,-0.10109228744547269,0.0373259317431538,0.0012632833079230309,-0.04688766685912287,0.001039517907340701,-0.0017942432975622301,0.012929032492624025,-0.017255659508869273,0.012486917934348994,-0.04002693586872719,-0.014233480559865688,0.028892149590717786,0.058648295762962536,-0.0015599648809114935
SP026,1,0.5984633263857377,-0.059889404001102944,-0.003789144896270167,0.002150244796165629,0.08110481142012575,0.09344388996101054,-0.07931056273390355,0.06225637641634683,0.07633612527727406,0.20130957094025792,-0.08119194073313568,-0.004553184193381245,0.007229457472082183,-0.016077528150878047,0.008968426415099243,0.008982131669368166,-0.07705666533330496,0.05125861989679279,-0.0017828775313717096,0.01988452535984149
SP027,1,0.545811187954664,-0.34236651511253746,0.11451513430747774,-0.3038490180766019,0.009769650153834901,0.09195394338046153,-0.05316075287772413,-0.04092664397772528,-0.009651313685590659,-0.01702504662323121,-0.018508497836006166,-0.010826775540796864,0.014807016975950531,-0.015783226374527077,-0.003135930955285364,-0.03973460852014506,-0.03417717294773649,-0.01681622100635031,0.024051869660306164,0.019443641174059993
SP028,1,0.08591985711306635,0.13237191643203228,-0.06804194506331407,0.014027125003725894,-0.05376343648218131,-0.3116362462964908,0.011874443474100962,0.4141053161470941,0.08438729393453594,-0.19918070884033331,0.1658937664973847,0.06583443137987771,-0.004604353145984341,0.0531806480387726,0.05405782502989766,-0.03350750856229685,0.00819256709731527,0.044033567231896435,-0.14059188346075063,0.0002609711878964939
SP029,1,0.18502947144141357,-0.009800928157952695,0.06681496502073983,0.49286369534753455,0.0630476073183404,0.13283034709376193,-0.15152323263470008,0.028573745163015325,-0.030027153576561303,-0.005776135585018092,-0.004880665541402075,0.0020253604909059256,-0.01722824425276939,-0.007486539259988458,0.00015676086745778235,0.0691998111270371,0.037905055381681596,0.03399285061209853,-0.10009469900713736,-0.0044181564164021995
SP030,1,-0.12050629143055745,-0.003809863090744725,-0.007658185479219537,-0.002566592869323545,-0.09068874964340111,-0.0780080909515318,-0.06209399533191186,-0.04916699086048806,-0.07266822703011713,-0.03597989080456169,-0.14329030438175414,-0.11971838860053985,0.027740585551240482,-0.16992911901829078,-0.038202788575285584,-0.26235699644657856,-0.01252192009305918,0.04634708513896299,0.0005114716734970226,0.01380576306192873
SP031,1,0.3422100911912343,-0.008584365642109758,0.004484100878759801,0.5848995756783404,0.10060391029036667,0.16853107923303567,-0.17760550435108086,0.09559547361097671,0.015376356904375738,0.05754270248654138,-0.022972768391973278,-0.012633410476070616,-0.013247166995085949,-0.0030503706864198027,-0.003703544240496369,0.04007155017018847,0.029190697438975788,0.004510292676860581,-0.09236720736169843,-0.02238632851896355
SP032,1,0.04071502053954868,0.009561370936853312,0.03844176562837915,0.08771678897453473,-0.05681817116962377,-0.09036016635486276,0.07063762989190012,-0.0563112723799074,-0.040740265916900914,-0.060908323947259965,-0.024774023046218233,-0.026467258032895503,0.018428917668083793,-0.03189051321475407,-0.021926070902437766,-0.025359584953898288,0.03818709111902475,0.06738458774508964,0.05546360617334571,-0.05235011773827667
SP033,1,0.2788216670511867,-0.0064311530935046365,0.04621553991941081,0.5194714482243764,0.07950149611646981,0.13108370906933192,-0.15576419598144126,0.05323398523572219,-0.016958493374960883,-0.004738890878975596,-0.013827326132083878,-0.02474618928184721,-0.023867937945944762,-0.021104128825764373,-0.019800075745827563,0.06661720855277242,0.020780646870723493,0.03960048321132864,-0.09430108473662803,-0.02177755713683753
SP034,1,0.34696898678953836,-0.02455529587987705,0.025664538551585358,0.5818430962179514,0.067315230046624,0.13913246379666686,-0.11243483037247576,0.06276661224714346,0.021959300083915737,0.015308989301017721,-0.014794055513880734,0.018248077928645662,0.035100516069966455,0.01870730475380693,0.010557040784016777,-0.07586213288971864,0.09202891892402108,-0.13645065896586153,0.19575976545170048,-0.006356617816388373
SP035,1,-0.09862911015871172,0.31241257770459196,0.6418301134344189,-0.08837498261052903,0.10241754074086773,0.06209444926153142,-0.02387453379639593,-0.00333089685135332,-0.0047883752254715235,-0.02821419383816764,0.052030680432523686,0.028943873306229655,-0.012333742897661518,0.019365914026854874,0.010563997280207344,0.030848904657235728,0.026857727175884673,-0.002673540941721744,-0.016729046406146076,-0.0023213430751902278
SP036,1,0.42185153610556014,-0.14532858556811873,0.03322774930026391,0.15295731349862654,0.06924386626898624,0.14141123762828361,-0.16707032178857162,0.06404454997586827,0.037165544170455256,0.07928896304336791,-0.039720489002575576,-0.016292565477638566,-0.004537324054666516,-0.010005308872773839,0.003734188682713122,0.03592080099507875,-0.0711601604541527,0.016039095942740004,-0.09410046059462246,-0.003818791655464415
SP037,1,0.33181125715000803,-0.14541201108918353,0.1183578524174499,0.627414792165819,0.058528362088501366,0.18028673149128016,-0.10523010790069469,-0.0321454645203477,-0.0348999962120606,-0.09919707480041656,0.02798855731016751,-0.007718535707466964,0.0028898081639967105,-0.005794745147880244,0.0050571821503888545,-0.021676777077227337,-0.010492578990497142,-0.00987600061823674,-0.013884121189899467,0.008490491380657338
SP038,1,-0.10117806366410434,0.3338598034189122,0.711108480082386,-0.09154003195246002,0.11632758786041336,0.05843860570817573,-0.014933663441114069,0.0011144916829983853,0.011255189433887685,-0.030424571787663682,0.05224966394563872,0.03245228647314312,-0.009115656582698039,0.036587750750057935,0.014958169781505559,0.015348424566151212,0.016054348422793626,-0.011675233892988333,-0.005943295066132605,-0.0038829567069156553
SP039,1,0.5207962379255274,-0.22779981306377964,0.09775100616453498,0.23080231314148295,0.04560719900394684,0.10011090675274432,-0.04454303540131196,0.009267553350766225,-0.003563358641139787,-0.06098127530021087,0.03986616666204956,0.006305631276395253,0.000494234521161488,0.02666964020509994,0.012931993899892717,-0.012238545508004848,-0.01422561746451427,-0.0056420470228734435,0.007946822888966108,0.005867955295205429
SP040,1,-0.08309425517481095,0.3657661120789358,0.7393794796401036,-0.09075611345690805,0.11979556761464441,0.06931296199690164,-0.015076156282255839,0.012501741585341813,0.026018562153451025,0.005334160227639706,0.029706737443646044,0.02650460794047917,0.009987119535096026,0.018096443097798134,0.017919969089217468,-0.0076924044810967596,0.0009878343657017087,-0.0226490866298093,0.001080471759661707,0.009314870111956638
SP041,1,-0.11581811927733479,0.024906382019371617,0.025257064700050513,-0.008272194504080317,-0.07457594188618352,-0.05820718044692099,-0.05799532290841003,0.024432964148420222,-0.06736601207073487,-0.01591062737119374,-0.13661842181556225,-0.16781813644797092,-0.0500553533440309,-0.08363773738087513,-0.06450264289928154,-0.2398517625631498,0.032201376968216386,0.1263405909815751,-0.004821026994216921,-0.03935770105813336
SP042,1,0.09910031587221921,0.12557150213824558,-0.10797098611225803,-0.054981062150840206,-7.05423484936738e-05,-0.08822084882375048,-0.08198229217992732,0.16374314008202484,0.022207437678529066,-0.02241503697712344,-0.025591223837572997,-0.04480684822769024,-0.0867408704208206,-0.00783005644085504,-0.04840544516406863,0.13143688976504095,0.029479033551996773,0.03936845662905593,-0.11601537649925947,-0.06483978003731534
SP043,1,-0.09606689580655142,0.02892977442096788,-0.0012485112870026058,-0.001975553151359542,-0.07743985223034881,-0.0773610054038694,-0.053623554835659976,-0.00019618187576455208,-0.02450787505262853,-0.052237516966300114,-0.08712057605198016,-0.08735603850130273,0.013408826226563114,-0.13290224971792383,-0.05702972191816896,-0.12743198676933762,0.05684587214379615,-0.033951807831355506,-0.07355652512947927,0.001874182335133472
SP044,1,-0.08706726073395003,0.22444655500264593,0.4770598954377657,-0.07953604411526098,0.06368246300549217,0.03496434850206617,-0.02358649674274285,0.014597704318119084,0.009340289101491664,-0.02376934621280018,0.025832484852628863,0.0023803126155299,-0.007477955005176684,0.0191120594504894,-0.010924200563475255,0.01870711557851995,0.03553052892193359,0.01068282218098206,-0.03890836464271039,-0.023633014718574506
SP045,1,-0.12332545568241265,0.01692474069190746,-0.012335735890225978,-0.01656337383617237,-0.04274986986919863,-0.14074928394505953,-0.10636505726374752,0.1161174958964598,-0.010653851708959487,-0.1035284069100531,-0.1185461995758032,-0.24805788555850752,-0.0413792953200234,-0.22729762871608933,-0.20811304274448372,0.5579006667238613,-0.035042669355628685,-0.1658723664253238,0.21957328973951715,0.011134210644824925
SP046,1,-0.05496057556467267,0.0440563153805452,0.029637026071559696,-0.014225892196409538,-0.03636287389035802,-0.06392279156100575,0.0020771404750696107,0.03668026338000797,-0.01893720376872898,-0.01280254531694645,-0.02551448478456207,-0.05964531198738812,-0.03120137791061595,-0.047138334899638035,-0.05543860060151431,0.044784015749000455,0.004110258336340254,-0.016700105739584387,-0.007683570341004893,0.0233331255390533
SP047,1,-0.07603436124157528,0.3806523777574455,0.7494103913986246,-0.09542957325809799,0.1209041868245136,0.06515707959848861,-0.0013069645128678197,-0.0008916818023176546,0.023562743167508286,0.006912503804592034,0.02921554868859026,0.024131803695071324,0.0046638469482990115,0.012460166746117593,0.009637536749105703,-0.010955264602566236,-0.009690487065946198,-0.020660086159532475,-0.0009233694175298341,0.01091336530881767
SP048,1,-0.09032724864834414,0.32790941562409276,0.6845902724296018,-0.09589645579707798,0.10113428268040951,0.05075455877148583,0.00496503122217475,-0.013541858352544898,0.007200419131168315,-0.028998204548088265,0.04808458858531047,0.01517131251575331,-0.005337907847447569,0.024805052692938177,0.008147942313598071,0.012715167178036153,0.022881168381730623,-0.008509772256904602,0.014703008407408331,-0.0023974540191763075
SP049,1,-0.10208950258726546,0.2992120357065941,0.6051957060198937,-0.09140889353092799,0.08847822757605045,0.053373333831907975,-0.010861147884420249,0.006035731725370786,0.013198070288408578,-0.021180564219316658,0.031899775482409,0.01782513342726632,-0.003912328300102408,0.02872131109211877,0.01781129456326216,0.005712374380065073,0.01746199373052318,-0.001209615246414242,0.013978203081724053,0.0056872605527439266
SP050,1,0.22400832003341659,0.031494870283643846,-0.01911766950745086,0.1698829436788803,-0.009743107011974192,-0.1264513750630524,0.18119426991434584,-0.07269746357041477,0.012443732639850238,0.07039516041977294,0.016467292917464453,-0.010947972369113407,-0.03906736091831589,0.0364061056913195,-0.01408144911905039,-0.0032640506085198032,-0.23890285145483517,0.10704599177809514,-0.03170390421443807,0.025756304746400786
SP051,1,-0.11183873679246392,0.016412878158071933,0.004836976401082582,0.0041764318336022,-0.108175701771848,-0.08428392234977782,-0.03434670879720139,-0.036423083570642015,-0.06035604839118848,-0.04131096462349052,-0.15412348068309686,-0.1418842122612528,0.03205989452225078,-0.19564525995642335,-0.06731476328375055,-0.3337935596651409,0.0008139169864511573,0.029218941630250597,0.03625247870642906,0.00906850960495406
SP052,1,0.2949614658497385,-0.07162239956146887,0.06240529378786902,0.6554431982831755,0.06519026710299278,0.15788581193055115,-0.1510595824889355,0.04856345297195485,-0.03283555573592386,-0.11786153441057573,0.05530647932165946,-0.0014963030345736463,-0.006055721071236397,-0.008980742779450874,-0.005181377558992342,0.019327406074776458,0.0789869740645436,0.009879894036784555,-0.024895664789242745,-0.013766237993085453
SP053,1,0.4729909856125118,-0.36461633455677067,0.13624406103233902,-0.23770476411731362,-0.017294065048840554,0.03855924596199018,0.010331379116353236,-0.06262947592820574,-0.04442551251967446,-0.10422841600724839,0.04595799036445082,0.005844067556851522,0.019307600209939737,0.006190326165609062,0.008865635140089655,-0.03421614602464075,0.010721619842841135,-0.01463423144268731,-0.0035392295608958264,0.02295668706552737
SP054,1,0.09018656002324485,0.08148928783193103,-0.05846566233152948,0.053916698262897696,-0.04427486412180252,-0.1175916586456475,0.05421456108899454,0.07361896105352558,0.06021423278054049,0.13315979233459246,-0.07509617795880949,0.004807786839163727,0.04860698471174317,-0.0005262463968883438,-0.007962898759106196,-0.14591109325420398,0.14812852517170477,-0.24834187238141475,0.33629378459628756,0.011494830158748288
SP055,1,0.4532263243416447,-0.17880785507448643,0.08366973940453977,0.22926148802175775,0.049474796307185404,0.12203233094888646,-0.12230567569379075,0.04982949366874738,0.01596022433431058,-0.03034406200219794,0.006484883670888364,-0.0008675124556868765,0.0012166192182013209,0.019614416274035623,0.021828982266559556,0.009018274721990143,-0.036708026118009225,0.032115060119825754,0.029455634103931594,0.0026776305458972383
SP056,1,0.36313340066556216,0.27571322995740566,-0.07241985639310394,0.028040117363957458,0.052965335878570496,-0.07166641520343335,0.1696311720857435,0.019024383423613823,0.1435522445022291,0.5306639268671745,-0.21175254243618555,-0.015997721819431307,0.023089186189724806,-0.00011362686805356809,0.00421057399686075,-0.008618534933520048,-0.020323836471499906,-0.03578700678068539,0.005893036068563386,-0.009638905488593676
SP057,1,-0.08820940514053056,0.023019360369060795,0.031756577770303024,0.005921869991386664,-0.09896572592383605,-0.0826471851720534,-0.024872214467732075,-0.05909473563771356,-0.06624671834800022,-0.022073827572981784,-0.16881754787051953,-0.15290369615663937,0.030538175804479442,-0.22553209962660914,-0.06768559711512982,-0.3399482519622364,-0.02518106747329718,0.014189990365663546,-0.006326996276548569,0.018155065604713656
SP058,1,0.1875609749989313,-0.0072951490933818456,0.0659100273508884,0.18839829796521781,-0.04495373431853519,-0.13897408733013156,0.2944606551074441,-0.17491059999272274,-0.011417951028147303,0.03994119543637813,0.007362152793769936,-0.017238016437118066,-0.00978111864711087,0.03471048280946117,-0.016590395639865203,-0.06365813621595644,-0.2752727065570534,0.043922723443330654,0.0574942802590704,0.03244912231405105
SP059,1,0.2684947735759382,-0.1538460481625182,0.0762875932677362,-0.0028333602535544735,-0.06845613780578148,-0.13949130579969718,0.3704311663077539,-0.24422763875238723,-0.05452177400163235,0.06432726037966113,-0.000461738220606629,0.022015902894358376,0.012027260007914218,0.014400154924069361,0.013236199666503546,0.11700382580237098,0.472252816673578,-0.10597738862407005,-0.11196819143759808,-0.1210151642758276
SP060,1,-0.08340331966445723,0.30538133775362036,0.6149496487299339,-0.09210172351572386,0.08830640505386574,0.041225905822922265,-0.02436156151916612,0.007521915632352353,0.0097155162288712,-0.01977622217418757,0.029106173226543266,0.007349688768987961,0.0031808055530183716,0.019018589024627063,0.008001780795351401,0.006781253762734089,0.01766659812069713,-0.01646567323545891,0.014858141681769845,-0.0007929305913333996
SP061,1,0.4957700428393627,-0.42847944404719057,0.15127617118492204,-0.2658730125302476,-0.0227786542175104,0.06346954196649088,-0.01439076516408999,-0.07797116885843026,-0.04432768031374025,-0.10143610031505826,0.02127632266478189,0.009619457741947673,0.020091978455194802,-0.00024570886324813836,0.017093495455741486,-0.02767521854084559,0.08849573571678937,-0.019394493592682704,-0.0032390887866252157,0.016857348400822793
SP062,1,-0.10594675836423172,0.09182846843445915,0.14996418647540188,-0.03320086358759447,-0.015224051442028892,-0.04326092647469662,-0.06465055901655711,0.044309565224958214,-0.02323665776478581,-0.03278407711291706,-0.053369926530525656,-0.07085735159694576,-0.039351603782185204,0.01904906612083683,-0.025792339609761968,0.005851302312567649,0.06309502881377396,0.07447019004726542,-0.04533230253176888,-0.032088685967806466
SP063,1,0.3013769309262209,-0.07010157883255509,0.10284379280058144,0.6357983243046702,0.06435317342372208,0.16317018415530618,-0.11964176005502639,0.004424940096991758,-0.030107560640691637,-0.09072807842900472,0.03761964467702367,0.0024527155751104326,4.3272804521880114e-05,0.0050856366346897705,0.003830485558592852,-0.0066404490899655624,0.057120799488079625,-0.005476706498364925,0.0008162187393155079,0.0008964399233406368
SP064,1,-0.05058796846224141,0.044063807169272384,-0.046450689433048024,-0.020290871722698958,-0.057447532534558136,-0.12285121587358033,-0.10376074127976595,0.07541431192713635,-0.025897177620922023,-0.07651016235800656,-0.015199655414372102,-0.1480505553687103,-0.06935988480184604,-0.23351215933885158,-0.15808483883207636,0.4087377841544528,-0.08347821992703945,-0.03876613012849737,0.09907044463742525,0.08279494798961828
SP065,1,0.06815774641588461,0.030089445336395532,-0.0016784358979358201,0.019310272526421077,-0.04816585102673663,-0.05720320923766936,0.03817574049099066,-0.06673492149714594,-0.0342174209741908,-0.07336853138444835,-0.01499839516973679,-0.02871862036444074,-0.005891172545717972,-0.0475967692977307,-0.029590401797150955,0.023081991209547206,0.006301011577462584,0.022842654003939044,0.05410924926848582,0.04156787797498392
SP066,1,0.3659496402970157,0.3004393500189696,-0.10680935301642908,0.014256731845699734,0.06599584001514167,-0.03884280396113466,0.058409597706733984,0.07219427585372411,0.14243999676572663,0.44374668572402776,-0.18866213050237185,-0.004618352318616792,0.0194352409527473,-0.021936341981374438,0.012251707541658687,-0.010456019177073877,-0.06313521597683189,0.05516287446142898,0.027411568953258515,0.027166848762390887
SP067,1,-0.10371806408679062,0.007618816801588115,0.01887175870790855,0.009163019673204431,-0.10180178491151384,-0.09843663183018242,-0.032763856533802385,-0.01651665294194513,-0.05763784194024531,-0.08422414998966299,-0.11530639452912617,-0.09603532008297719,0.050695993500421484,-0.26250252002010116,-0.11451667495100906,-0.2394032158073791,0.034630500225925946,-0.06245603128740018,-0.27278751570267856,0.07700473689188343
SP068,1,0.00429134804174007,0.08390247278872015,-0.05151502184284121,-0.0010257708021959978,-0.05384706771242295,-0.10909538010986738,-0.033480685702371366,0.015362640586103298,-0.017764580695707972,-0.045740449236196,-0.11013169121240499,0.11606073178190708,0.04055311011537809,-0.009597533197228282,0.21237892089561644,0.10140284998067026,0.34971696308842354,0.5151769734280198,0.2510972614334719,0.2596772867769339
SP069,1,0.20874845806717685,-0.038610772834975125,0.06707174872154817,0.11446168469856345,-0.06444973380224082,-0.18267341521811906,0.3332266345228968,-0.19990407645271976,-0.014051768793103901,-0.003807920057770311,0.02954633654512021,-0.018637041959700663,-0.019402010224584907,0.03152435524388029,-0.022581956916005,-0.05790428377286394,-0.3562449388194704,0.06265447812614316,0.04924334228292678,0.06085256145511308
SP070,1,0.002721379809520366,0.08921367578475302,-0.06490232078666862,0.0012512782253791422,-0.05308969842429527,-0.09571302642474078,-0.02964191395879442,-0.00975993749685424,-0.024683396259711186,-0.06110029509042907,-0.10190706658041489,0.11409416103050588,0.04287711289809778,-0.006621752311822359,0.20781351556040562,0.0923359570368711,0.3493954647828641,0.5140003930431647,0.25411082633278115,0.26401650692269346
SP071,1,0.13534821215556267,-0.0543563596662012,0.07158900245141185,0.09918767233026812,-0.08332547255656489,-0.16339889312872322,0.30602095309026595,-0.19571641681273655,-0.05075255784373949,-0.09657299525654817,0.06453739847969567,0.005008187237743536,-0.04540585804027026,-0.0014819612061157564,-0.027582549687086177,-0.004311708589328355,-0.306823922481197,0.060420097239791616,0.031247575043686117,0.08340799524276138
SP072,1,-0.10930300546835615,0.026054615903325244,-0.0012590379949319426,-0.02591019050872643,-0.060305096321106616,-0.14582747492365192,-0.1224806228519939,0.12447800494738291,-0.016734263173033854,-0.08407276338313663,-0.10868260206869979,-0.25824099979732307,-0.07065508164422947,-0.24170070093841578,-0.2190829317416028,0.5724626056557851,-0.03717329469827641,-0.17366604958813253,0.2032152280909198,0.02754746576067684
SP073,1,-0.06921709292612406,0.30262665878693357,0.5695230384780767,-0.0873864735868915,0.07373259721033142,0.030695643392137765,0.0014734899946933706,0.0034938410536096798,0.020436768283354542,0.009388301377256542,-0.003921670286969859,-0.0031388843154971334,0.007429226670440494,0.001639846500644138,-0.00283752338504698,0.00022105621612932846,-0.01448858070733965,-0.022524936634928286,0.022819704098961183,0.00577425136827955
SP074,1,0.48766587708397896,-0.32879659885979184,0.13374261667151643,-0.15232698512560977,-0.03303113798806678,-0.03158535032160225,0.1330374175336901,-0.1264762737998732,-0.048875617758058584,-0.10611877168402217,0.06571847718161719,0.011617204406327488,0.0019354137766923111,0.019329626727124412,0.0028418622279723508,-0.0016606298494916563,0.03356476082486648,-0.01705240478420787,-0.006051053400558784,0.013434736066248362
SP075,1,-0.11548570654484272,-0.012133897739784948,-0.007111842362261593,0.010020064098662136,-0.07551390729699595,-0.053194320688032634,-0.028080025433227834,-0.02499282625367107,-0.02667125526296701,-0.030236250589828755,-0.05195154943370487,-0.041446743948785676,0.0038374164348533896,-0.07851107060504753,0.0063898073532773205,0.0026540244882493503,-0.022594170570312485,0.0073601845698959435,0.01676261440016435,0.04868415090464187
SP076,1,0.3260066866360201,0.40225244956915224,-0.15397063301623512,-0.04225417444377389,0.0946506760193932,0.0675924015730202,0.00027901477290298766,0.04295368803752876,0.13146434337455237,0.46778306897307137,-0.19265037353188708,-0.00942538921594918,0.04536649022584386,-0.02567974172667153,0.008679358788142834,-0.03245426812610264,-0.08893098310542706,-0.012047674148015242,0.016877108374578086,0.013249469751452378
SP077,1,0.2052859864886154,-0.10491148474196899,0.08136882921945446,0.06213288324335868,-0.08806080304958441,-0.19131757662424576,0.4299999546076007,-0.267091176059859,-0.06607468261893346,0.031383490316051525,0.022103723948618374,0.015413640646496028,-0.00016804382018081589,0.017624321313062116,0.005513306825217981,0.1301220325345069,0.42621195057372663,-0.08915326114022591,-0.11946875499947944,-0.12100483084701234
SP078,1,0.20024081148526132,-0.10182682334673399,0.09928596906969137,0.6189520394712873,0.02201323762238072,0.11374805282816879,-0.045798845275101856,-0.06847676402737034,-0.05655588855302043,-0.14164866813816243,0.048107033055380354,-0.008602352860137127,-0.004583831389873419,-0.013409154346318751,-0.008409639852821667,-0.009098299911309168,-0.011279535720629508,-0.0009430744598210057,-0.013623658696362494,0.01929293432781297
SP079,1,0.11142799031335333,0.12090610691456796,-0.03172844741395681,0.03818283592878078,-0.07349728350292696,-0.30007734346663073,0.06258067772281703,0.31367434843281145,0.08033971108758096,-0.1785420243480092,0.15840282821434035,0.05962002994824218,0.011466908317544572,0.035919583842404,0.026446363037674343,-0.07049026614555004,-6.049649051001155e-06,-0.0273225280422094,0.002802287977458399,-0.00559043801979657
SP080,1,-0.10738619969889483,0.016453130232319462,0.009470759342402917,0.009589170297799045,-0.10638183536606308,-0.12782239907147724,-0.04397017588294759,0.004349874480563582,-0.04955737802946238,-0.08808331656453325,-0.11116916910549715,-0.10021323003079911,0.05237531794620994,-0.2561352066530339,-0.10408312286972117,-0.23307622263792435,0.037500574877007656,-0.0680010795963122,-0.2842166783790242,0.0778689745874933
SP081,1,-0.11078010966120896,0.010862744681664187,0.005150003607952615,0.0052092694364869975,-0.07479589275076635,-0.0945535842310218,-0.08221340116232995,0.00867803307461931,-0.04341738796580732,-0.048049945467927985,-0.17440658723643443,-0.16488382549271208,-0.016004516437557688,-0.1932735745636107,-0.10096450484705993,-0.05240989318565494,0.13985880137079662,0.038579862078435244,-0.2123662679086832,-0.03126542224370452
SP082,1,-0.027872030164419824,0.044230588209191145,-0.03381816980809318,-0.005106658778686592,-0.056986086938601486,-0.11767441435968277,-0.05094301753698198,0.04884622380479825,-0.015517972642396372,-0.06995511980886492,0.020228603264208434,-0.09422793727575896,-0.04252024019926544,-0.15971697098546142,-0.0763393114487701,0.22611422063457912,-0.055702755613027226,0.03412612489105323,0.11184883384581003,0.08871490420434695
SP083,1,0.12470060841867639,-0.024428253837124513,0.10528586296630892,0.10724002127380493,-0.09285683083800074,-0.17678235392170172,0.36602586394085984,-0.2084935123738065,-0.07037891600256335,-0.10019221261223955,0.07943424487228672,0.0029880387728401596,-0.05216223444488963,0.008441313197647094,-0.0322193861313874,0.029307425431429453,-0.27097213893050853,0.05848155497021937,0.02942451057393144,0.06361516566521924
SP084,1,0.1379496099237397,0.47504548349672737,-0.3243621158125692,-0.13770972166024592,0.07078234188514215,0.19610761985508773,-0.10269293848651508,-0.1894390700069706,-0.11970749277383035,-0.24628387390109788,0.0805612200617014,-0.00801424885061333,-0.036500401372905666,0.029383165679556615,-0.017823336616380213,0.03398313691799701,0.010644994021244141,-0.0008962071662112456,-0.057697283447297756,-0.018161729575019176
SP085,1,0.1638262180393564,0.21126477185692075,-0.1499392599335212,-0.007041475445373791,0.012251089597284551,-0.06518833124208369,-0.019516298617248122,0.028502338105278652,0.017669260790247384,0.1407450132918541,-0.07876422993690355,-0.05250916785108163,-0.025423186815427396,-0.017750062014718772,-0.034585062868847535,-0.03595338966097384,0.009557149341682511,-0.020198462369051505,-0.1201247227170045,0.03317589982814888
SP086,1,0.22064666139351602,0.5256626043971462,-0.37830741945343777,-0.12126901779693508,0.07681938488184477,0.21625963583256705,-0.027592558606411167,-0.2837489273210086,-0.11946319987277347,-0.22092289049426064,0.07987658589909803,-0.0027589844468213377,-0.0036472279026169485,0.014706985015658028,-0.008924535171788909,-0.01919354904110784,0.01548859457556396,-0.06730452708407281,-0.005715024495902308,-0.010083172994560817
SP087,1,0.1879935569165001,0.001166218637637158,0.06619759193498852,0.15241992863549408,-0.06776347613009351,-0.2171911877207158,0.3633498793337302,-0.17378756507746324,-0.01855660126802722,-0.044251670915588126,0.0714000907696686,-0.010385567527333418,-0.041825768604292796,0.054140625764895096,-0.04044723238957343,-0.016633291209363344,-0.3746242056675416,0.07274046215856732,0.039027592808734426,0.059906330336998374
SP088,1,-0.09709026130717432,0.016998819969692085,0.025791930752640534,0.011302263832224208,-0.0969157076168797,-0.08921288228751827,-0.0069234294964759715,-0.04040321577510331,-0.04245516978529432,-0.04669534443479621,-0.11477898049737605,-0.09830580387102592,0.043648319555564315,-0.1971362604266177,-0.08514855174619816,-0.23381070541926963,0.018914545517425354,-0.060010828475097526,-0.13285786880775657,0.05153989737547282
SP089,1,0.23133922196469878,0.4402198350799762,-0.30173124140321894,-0.10701531012419499,0.045450100715343264,0.13757227507027664,-0.02045908878607774,-0.15697074081506587,-0.08819402313527462,-0.2527060874294817,0.08999161559762844,0.020957097213447382,0.01096598906474348,0.01643815939746066,0.008198465105481136,-0.05999495499348906,0.0434282238164133,-0.05260173763313708,0.11209252426998834,0.000851062983332837
SP090,1,0.2530725438095218,0.46173379750367644,-0.3376114288334448,-0.10808823102715244,0.07593009487192294,0.15607655991304378,-0.04356182383528857,-0.216159236524107,-0.11368257023799606,-0.23210356800510695,0.11245814585904469,0.01490766701508625,-0.014057743508427586,0.017795260162961218,-0.00035994218102624464,0.01175099301940539,0.017003549097735875,-0.011648260455099677,-0.05613088884352217,-0.007918844810631426
SP091,1,0.24077295169074386,0.10123788004771485,-0.036995846349851355,0.07741601332590434,-0.028156270551834155,-0.1457390595219983,0.21191174076557262,-0.08762128325942475,-0.015125694882647181,-0.0164758863594014,0.044439033852571586,-0.00423096203545583,-0.05179490072631073,0.024641885667689285,-0.04265013807434716,0.05254850509905002,-0.1379412037753157,0.03132507877116525,-0.02928013973805237,0.03603060452236116
SP092,1,0.38593895202884393,0.49440194423665923,-0.23447735392191685,-0.08342868373090531,0.11819385806903651,0.12282232914675492,-0.00703790612439505,-0.03993201746033501,0.08057363609097898,0.3252939916728536,-0.11947911883975883,-0.0013793704765194335,0.03477509383246296,-0.008242064172252189,0.010239852168219555,-0.021728705179006495,-0.08696979850865033,0.0025983642488550175,0.016583603420740355,0.0007739295061094684
SP093,1,0.2947438264789357,0.4947007733923585,-0.3579788372847259,-0.12003870490518276,0.07639335864371181,0.14418347650877616,-0.05006647966277194,-0.15841373483540022,-0.07199642982145636,-0.1884743457320182,0.07757041168640216,-0.007928852471268457,-0.012565164408813018,-0.0014110900309122001,-0.014817785824289833,0.022699725977627497,0.033663080933294974,-0.002834959724740345,-0.018396850039288905,0.0038082790109471936
SP094,1,0.1950841004239843,0.4719188233053446,-0.338488472938436,-0.12360321188075549,0.07474823214114497,0.20662218737702792,-0.05697166124130962,-0.28012977868272093,-0.12006700583706896,-0.24198703842275884,0.09407409184489303,-0.0021101902243803074,-0.003105969461142838,0.015121932908509701,-0.01500170890727247,-0.0075946590638165026,0.005293718198939725,-0.056211617690956006,-0.029697997233331986,-0.010664431798472707
SP095,1,0.2616634428590394,0.5131269049316917,-0.3534032217000559,-0.13259080108721527,0.07826490132290673,0.18475366581929406,-0.03648524278204735,-0.2604340493203725,-0.10153397974443526,-0.21758026182583942,0.07645533855921281,0.0018333406032141645,-0.003370508740895398,0.02095706246887885,-0.005151261683369426,-0.0012163555321536795,0.00732129418298603,-0.02261267927604642,0.014179149659810892,0.002448183809727815
SP096,1,0.3656306821283093,-0.30740174957760624,0.11132429380293708,-0.19852805731417358,-0.030395583599983667,-0.013874284983933496,0.05506715778120543,-0.10792899306268865,-0.0691146337370278,-0.1068946471582919,0.05074187197967691,-0.009633238254817914,-0.02518452075384131,0.006260424390574393,-0.015081157781601339,0.04171078150662787,-0.03343778496215115,0.036554233351112096,-0.052408737549372426,0.0027966952731856083
SP097,1,0.3261522842880391,-0.11037477211263048,0.06923428073119965,-0.017911752370440858,-0.07573191952396068,-0.2116287659550381,0.406156536750111,-0.20021400948378043,-0.031752156019496054,-0.00397459815815162,0.06334238330649869,0.011325013780580664,-0.04835657987786805,0.04959549251232961,-0.01653501867626429,0.09213270521370417,-0.10476359534992162,0.029923829261997992,-0.03960851695246899,-0.01050910961487125
SP098,1,0.27258149700406126,0.003348402796067217,-0.007946777654535173,0.028347200558183863,-0.059385018851040396,-0.19088363575057832,0.3429909862283805,-0.1548528128465932,-0.025773465540761133,0.08410961874858612,0.018793703551989616,0.020387243393630575,-0.025602543288815505,0.020474414747106807,-0.0006743303738597647,0.16604846696824335,0.3854109787866066,-0.024758165735937206,-0.15925078747943178,-0.11444454909743887
SP099,1,0.2130795444909521,0.0495631635623345,-0.03897532346944708,0.09358003048709877,0.0010876419741365833,-0.07519183438161459,0.05408176187810527,-0.011324109716745098,-0.019993537167829045,0.01757768980526991,0.025411101357508542,0.006126690823291903,-0.045899436454277485,-0.013893703112504216,-0.03060923931641733,0.07266272280478045,0.022288634332688365,0.06843908234949876,-0.07897206270057196,-0.012548367323824522
SP100,1,0.38418753568638087,0.3681395473096096,-0.1720375323934986,-0.009595360997161009,0.08871157938165196,0.02196364293291647,0.03553123407500826,0.02819705949577014,0.12839044866364768,0.44207828784120845,-0.16072459065829672,-0.004251558881423831,0.03004663491443097,-0.016799660956667125,0.006280816847848311,-0.007317774013744174,-0.09995773080888005,0.008000949288401615,0.011519244567140935,0.010608012097471014
FN001,2,-0.17603413562836606,-0.05225848510814084,-0.035541859653234455,-0.010773886994071995,0.0600591533627362,-0.026004826239075945,-0.0428193359975426,-0.0412369020729067,-0.07292186264484371,0.06967060537859948,0.012258102883715587,0.3729965487242882,-0.029319078244954753,-0.09524222264592908,-0.1314955343237248,-0.02566330800491096,0.005580420604548977,-0.09243857551675198,0.05235685918530959,0.037042323925485836
FN002,2,-0.17983232440438207,-0.04623061936410656,-0.03113641421898799,-0.005660944741726278,-0.09336262581708657,0.04599243170063845,-0.0601855400828951,-0.09483149448182084,0.24305745007750723,-0.025628623616055054,0.005503680024831691,0.11003721811446175,0.004673862686402652,0.08022567174433877,0.007047875330390657,0.07146756445382221,-0.01895398080132883,0.06343823222648108,-0.15695346215192124,-0.04944560479905096
FN003,2,-0.13443398879652518,-0.007768860121573972,-8.376312322175915e-05,-0.0007893188696226757,-0.14454329559973755,0.03648251781982378,-0.03808416877945345,-0.06223056874743809,0.1656692432203763,-0.03191254662925909,-0.011151663520244378,0.026503248380213656,-0.006383369762207871,0.0043051345979658925,0.017501790810265594,-0.006036142858348373,0.03160165622363846,0.0814884494099987,-0.0019168380830291254,-0.023013309873620907
FN004,2,-0.19505842008329602,-0.07752907158138146,-0.047472527019189456,-0.006235492554929323,0.13773572069718923,-0.006204938708902496,0.016632830267147295,-0.029847129482488535,0.02705887215709203,-0.02547830225288516,-0.0723239554312723,0.15689050370819485,0.01704554248707409,0.08453048392340402,-0.03346722758900023,0.010681512903395592,-0.04459998918779188,0.011359565377015999,-0.1393828844712242,-0.02735531447550343
FN005,2,-0.18994986274763087,-0.07332606050090058,-0.047832327769334985,-0.0049587130425485645,0.0763498121877051,-0.03453979889701818,-0.05455591316866877,-0.0556017444870675,-0.08213308623044928,0.12285405267178819,0.10988508463853121,0.3899855091523376,-3.914262128509332e-05,-0.1697196944456145,-0.13018591418138062,-0.05494178828488417,0.023157175092008427,-0.1083907408221543,0.1085143037611911,0.05825900564355728
FN006,2,-0.22556395572509846,-0.11803979553052134,-0.07838421408054073,-0.020714295206433548,0.36368022307025644,0.04175250361559825,0.1297798807662948,0.05168088627180713,0.10966482413157409,-0.0721687142366437,-0.10967515765367947,0.056830632564686935,-0.07100932073057066,0.034365604148276864,-0.10100068763400182,-0.034099082358624085,-0.008141355793056207,0.08650369310614466,-0.06481840880264103,0.0681353199865504
FN007,2,-0.19463843575690015,-0.08106841319230162,-0.05293893474056198,-0.01701878721206894,0.09690533752586043,-0.003288721143648132,-0.032852473210995776,-0.023775043057599993,-0.020446350666453183,0.11359303608176212,0.1649606247469409,0.009870284492409084,-0.09017047696197096,-0.09618441775227263,0.039125014777197535,-0.08874813277187216,-0.017441553825903518,-0.017205235554553003,0.00697509395785667,0.006383486995435143
FN008,2,-0.20325882041874155,-0.0843087698001326,-0.06392235517781479,-0.025926183014133766,0.1367025208092337,-0.0015767034802155596,-0.036045938944569436,-0.048675194693898416,-0.03432429028584583,0.22542545705897915,0.3214965495885383,0.005358868416576272,-0.13879731563383949,-0.13977004570913085,-0.07450234383650858,-0.15846638219372888,0.023357042307414942,0.01829531534814721,0.1480855803314235,0.07202548926358728
FN009,2,-0.20055326919762395,-0.08905122054367502,-0.06372244888969637,-0.020495754354535836,0.13228540932466334,-0.015735052703148088,-0.0552265093561343,-0.05698575456323383,-0.02652191603143598,0.2361016934156486,0.39175479686304404,-0.022157245046586758,-0.19221824013713942,-0.19481544829819872,-0.07871413544711009,-0.14669214346580392,0.061316233411055944,0.020242671227941808,0.16159384263969398,0.04742372814530666
FN010,2,-0.18957971356814368,-0.0605848661889266,-0.04630450895804154,-0.011291519594242254,0.03532525951534432,-0.07183751137134456,-0.12319396689647244,-0.036973852202902606,-0.06806685550390411,0.15088184137150004,0.2647593701284369,-0.025113246960877186,-0.2301810288918038,-0.09546861414991852,-0.03292587172984882,0.17206371072113177,-0.007330881882656475,-0.1091263663880556,-0.060420505281241633,0.07818369516708816
FN011,2,-0.18084451434575816,-0.05472668210433491,-0.03882344671813167,-0.006273271357755887,0.004770547024264417,-0.02091183223277877,-0.06840385661053858,-0.02603103558445336,-0.029091957408838135,0.0828059976403274,0.06347783350208307,0.055348364514105346,-0.055437730276000186,-0.0022502437778147096,0.04234191463329188,-0.08424703626004354,0.004873261485452756,-0.010839830928622545,0.059324026279371736,-0.15365605884506686
FN012,2,-0.12620580746116078,-0.02215932546330936,-0.011340376817342257,0.01180692402377219,-0.05666358141455148,-0.028844703903358086,-0.02459196111053493,-0.02611176679919098,-0.033869337724375226,-0.03258689484428201,-0.03138009790755452,-0.023596704854880673,0.045160740370365084,-0.0060666776210341646,0.013384311420262734,-0.046669740160272734,0.006843276283809514,-0.06356996772877956,0.14796853830209902,0.07461963946972558
FN013,2,-0.12349214034102858,-0.014233963492833394,0.0031783768562325915,0.005676271806525435,-0.07703484198792832,-0.04048013632610928,-0.03240746582207098,-0.041294793156071756,-0.03448894459527397,-0.01932733264608636,-0.06404765441362457,-0.01059218688210522,0.04924824358451682,-0.017025368743603688,0.049852198125166385,-0.01773035150680077,-0.044394268329560706,-0.03295731677179289,0.04426804572861341,-0.042414341434669746
FN014,2,-0.1609389164737707,-0.039942040542298496,-0.024231608305105113,0.0011317438597937045,-0.051185530183589824,-0.027834220955068482,-0.07532651344193413,-0.031893591737050545,-0.03843151208762266,0.020178227011796956,-0.06413557486400033,0.0324270210027908,0.023673523334500974,0.07136219122342675,0.08216220644201351,-0.041328153332957446,-0.033762636487978254,-0.026196948816955622,0.00396841614433848,-0.24841606036096728
FN015,2,-0.16134255026922167,-0.03763729430801308,-0.020208127884698404,0.0022817703692623466,-0.07202198888598137,0.022605553884709095,-0.019584012870951337,-0.00812486594179749,-0.009643160311470831,0.015189162651452395,-0.060757876313734534,0.08716532602448765,-0.03471700481458386,0.037678434757853235,-0.03659155903724414,-0.051419414030178565,-0.016200337330993367,-0.034384654073806066,0.06152050120695734,-0.14551218802749277
FN016,2,-0.18073558744399845,-0.04544656127168607,-0.02400276888515127,0.003243729597260563,-0.3361272881170865,0.21062784927762165,0.007470963679113154,-0.1669895382777555,0.7041757238451432,-0.059282996018014913,0.09250755911220136,0.029474124118905,-0.007410564537694101,-0.0594544343061733,-0.04200626654418457,0.008346923213377887,0.015288443166375537,-0.0477289116368596,-0.04784355731962022,0.09495329641519352
FN017,2,-0.16612072959468055,-0.04678457721384242,-0.01883599875403054,-0.0014160225279208187,-0.018283084124953983,-0.058395527696352124,-0.09513786646078645,-0.042780918766156334,-0.067006735010106,0.07532300787225284,0.1298798536714625,-0.030637354784760387,0.2867708792246821,0.06609281127406748,-0.1038589509709216,0.038833401650476905,-0.022495759343846546,0.017670724547298466,-0.15366052754207338,-0.0021194108427303824
FN018,2,-0.14455207038417217,-0.029044350981625278,-0.013459736225359708,0.001220665811487861,-0.14201378736798193,0.04239620879661434,-0.03329453776213212,-0.06729014925181732,0.16689796948056135,-0.02897637506714501,-0.0068718222697212155,0.039928923127762805,-0.01194782709838007,0.004561918646434074,0.027598239417749974,0.01184712858995096,0.014694273506631215,0.10224465986534033,-0.018457030534834527,0.0059997926372482545
FN019,2,-0.14547277328747796,-0.034531936652327656,-0.022774898070624362,0.002335743259349424,-0.039679668629331,-0.048913027086359105,-0.051388733415549934,-0.0249419243374143,-0.05579709720642866,0.0052861660370362145,-0.06607117987052315,-0.030726767874303416,0.02539816048343995,0.14736512620117573,0.013675703601292416,0.0027432803437117043,0.05093369392153846,-0.04899371616361828,-0.04445173354347608,0.14249586616943313
FN020,2,-0.19287217108210633,-0.05988775655360612,-0.05524346428548056,-0.009425399627079637,0.013061518963133477,-0.031190933792279295,-0.06202264446496592,-0.050484636644996465,-0.014069480397673247,0.04145967131935331,0.015349291256368943,-0.0842256210002514,-0.07677414314981727,0.3006037554880787,0.0019978024621731113,0.013439990112527448,0.011478189318058683,-0.108611891412226,-0.07942536073756068,0.17745847354876654
FN021,2,-0.14655204905311156,-0.017695963912723742,-0.02594678126583585,-0.008598106867777093,-0.009204132898705572,0.001006409749053105,-0.011473529129249937,-0.0035925741679618617,-0.01812645496393353,-0.02443504324455771,-0.05923201946384074,-0.021095697997803142,-0.027342948823468705,0.026988865362643874,-0.025588770409640086,0.005765355189894996,0.006361318165273164,-0.010554438938746347,0.03141048538645569,-0.07708780207909692
FN022,2,-0.16784707886947006,-0.05774428588952156,-0.0315582815979319,-0.001207169010159929,-0.014468949858039143,-0.027445116146733235,-0.04425879652492845,-0.019243330246516588,-0.08856672472467642,0.03959821343459661,-0.04295628208375222,0.10643610404600713,0.04631449253110571,-0.1458830981761225,0.5370467336637662,0.07117122434411939,-0.06852526916875513,-0.03115956319759899,-0.1159661284045465,0.13331414399418173
FN023,2,-0.14489111491550757,-0.03056287534339484,-0.01615595722545238,0.00032883254988170445,-0.05788601021210874,-0.030557653839152127,-0.050499039370776454,-0.019599375022491945,-0.021435037272383897,-0.01587974556895783,-0.06642463928781173,0.007922971677811948,0.011240816691526679,0.039396975701919384,0.015194702372321591,0.010573637572146804,0.01221366306927994,0.05828792425643008,0.02423616641536399,-0.058212816861741
FN024,2,-0.24952623741015875,-0.14487603021584491,-0.10150733083489094,-0.02220995008828896,0.4892331602061172,0.040608957304038525,0.16551402539202303,0.051251232651961826,0.15332052905903554,-0.08461836450806012,-0.0243063230336215,-0.14333293354854326,0.03709340773962381,-0.034022900068067394,0.020354636462755062,-0.002252640326512232,0.008611085011696886,0.014729376214219006,-0.023372053669932284,0.04553138945843863
FN025,2,-0.12702149252410733,0.03296151716438863,-0.02483502003393495,-0.01814065681838844,-0.07149443301586007,0.048476158765574665,-0.02280201713547529,-0.019070637614482612,-0.008487954683136739,-0.03316258585582985,-0.0425455068183397,0.024102632789446188,0.015143257696330977,0.011593925070687055,-0.010118078584490344,-0.006513023839686211,-0.009695167345457717,0.061807890998934724,-0.02069967963086615,-0.0755008257933254
FN026,2,-0.1869812224286055,-0.06643244458136725,-0.04968549680347323,-0.008038914236767093,0.04511925156616783,-0.04714821295676848,-0.09497976310227745,-0.05767410001553981,-0.050961165319012874,0.16247042658311187,0.26840671239008435,-0.03551006145963837,-0.3401792859174807,-0.009943895008400698,0.001399016739571504,0.0096993992285618,0.010912913790935142,-0.04235375717608837,-0.13438669813537474,0.11360804863233745
FN027,2,-0.17783556160499922,-0.005127910554421239,-0.0646565405634793,-0.0340169080179697,-0.15026318725895002,0.2768690143727957,0.1580155962966258,0.14112325093962744,-0.1232749289392769,0.005474428816753363,0.022781459683576193,0.04167920959141973,0.01728526134299663,-0.0014900259502368411,0.006007280982251612,0.01702571913000914,-0.016789998283631338,0.009800629047145095,-0.0191679984490578,-5.226987699657637e-06
FN028,2,-0.15833102123023438,-0.02843630715729756,-0.0282590797846894,-0.007122820121552175,-0.10769664390654764,0.11001060985929198,0.06769387930185397,0.07715066671403532,-0.08543619033049699,0.03858406592515285,-0.01609262398397117,-0.014233758167702946,0.02582390880009379,-0.023581613295798446,0.02433803082439106,0.036412504979838285,-0.01813489244600828,0.06854140098011995,-0.013681460221305442,-0.04709964698323844
FN029,2,-0.15730916125865388,-0.047553842404939074,-0.0196866766138619,-0.0009173682724792619,-0.05545308636242944,-0.038349542034133974,-0.07909313902650712,-0.043045631846345876,-0.1037112133990563,0.0641854144203132,-0.029829059672393656,0.1236369977232695,0.05202694118168138,-0.15505731807968065,0.5805896146554755,0.0517593315751384,-0.05264673508957845,0.022169306726235606,-0.0995214274207837,0.16556786076177996
FN030,2,-0.14180070915463958,-0.03139160620372598,-0.018772438014072666,0.0017211490780466476,-0.07268658720203083,-0.03162959931690916,-0.039473657436880395,-0.051076931816947224,-0.023775086134527584,-0.02313875290740237,-0.07673099397930004,0.014469643228794835,-0.027325236722417726,0.05074565315305702,0.04254077994901757,-0.03733479407322426,-0.01968381334930088,-0.07496695030229732,0.04210153831094933,-0.07351772832825464
FN031,2,-0.1904711302329781,-0.07254895670913304,-0.04523065724158737,-0.0013380477246319835,0.0495676484320614,-0.04543898421426856,-0.055895819642660834,-0.06222261908918154,-0.06201294528098292,0.01500566224631138,-0.0352519152226567,0.07875944563797402,-0.037161860118910955,-0.030118281711655957,0.29061515817121003,0.09041195154357974,-0.08354139563592915,-0.2703740561367742,-0.01664708593287204,-0.15186205836083033
FN032,2,-0.21065706969893475,-0.09034243103699358,-0.06051641808727024,-0.023391855085616142,0.08969790930837039,-0.017735470760965974,-0.09786694871735394,-0.022017277137332224,-0.08342818214900362,0.21703844140066478,0.3932615856939817,-0.05393833484343168,-0.4187484250076947,-0.048535269213615215,0.016258894949402584,-0.05468915604646993,0.07020117078138548,0.024967420948624607,-0.04028715290758267,-0.03841348293975142
FN033,2,-0.1187782470069583,-0.016873926072300222,-0.04444884898682144,-0.01956052828609758,-0.02909854655089632,-0.025822840428569502,-0.09536196541661987,-0.00798020001070544,-0.016840873319841045,0.033938820801409,-0.03561048256476257,-0.008595166594133985,0.0331916374867304,0.08673485734653111,0.009893388812378869,-0.011800403611070981,-0.04335539571566872,0.006045939359425467,0.0108566850859612,-0.15779668779190098
FN034,2,-0.15676651636126063,-0.03433263392271148,-0.020511798120607282,-0.0024708503198196544,-0.07511086145021642,-0.001310533383268143,-0.04137988608637475,-0.03577336988944968,-0.05238345143665917,0.06169362597629759,0.08093319747978826,-0.004714281382150278,0.07396597332607484,0.07590063479480302,-0.03980345524709206,0.035177359012798275,-0.07806982599391886,0.16192698550274282,0.10124918591363131,0.06292775584874719
FN035,2,-0.18633462875559004,0.04466633268762269,-0.07060180359547265,-0.06368782401903206,-0.1783042749882394,0.43244132483765424,0.26121907053331866,0.22767467233485436,-0.13276598250735366,0.00031334515913597895,0.05313589097169492,-0.004471455415370808,-0.009661392869367938,0.01811587406375404,-0.02955963171722857,0.011797046202052918,-0.006373005345346019,-0.004846709083179512,-0.061657721503250065,0.0017056711561088886
FN036,2,-0.16887190915695016,-0.04398678161034236,-0.026957158244119993,-0.004075128531602033,-0.05194934409885456,-0.013987150874881473,-0.06249972158162865,-0.018290670851255242,-0.11030377878137573,0.06293905936268214,-0.040872593171250644,0.12900069253826604,0.05887011825191186,-0.14809989049718467,0.600464018947852,0.08140542859292961,-0.041619533195910365,0.04083232355285402,-0.11172820413383311,0.1880935333105819
FN037,2,-0.1421389276000068,-0.034380874130013256,-0.01804610501977145,0.012248934561790405,-0.04122668696917383,-0.022225149290217103,-0.031975266308217634,-0.02896150722609692,-0.0804652340135776,-0.01784129346067655,-0.09012826808294255,0.3051216249913892,-0.011067843975290668,-0.07068847167462926,-0.07468695881471844,-0.06425926461734167,0.013088105925800756,-0.15560121319115403,0.16952329238924613,0.09739150848349189
FN038,2,-0.16998685307331177,-0.05335650839608549,-0.033210434959933775,0.0006802578296634112,-0.0009092045594750995,-0.042075089726199374,-0.061469670682003305,-0.06035754208164512,-0.060955172152771096,0.012683406234786677,-0.049068820493933636,0.0488821908492282,-0.023470355558169315,-0.030555751521100873,0.2842329381399769,0.07497035324890793,-0.0912008636803186,-0.2728628064737809,-0.02342139096737793,-0.145269723905957
FN039,2,-0.194358805160137,-0.07903944658870175,-0.05998695657813789,-0.010455497553851214,0.04580676921988691,-0.049739670743196754,-0.11016219121294389,-0.03137099630438339,-0.08302241655517535,0.187467616877603,0.3272478287784898,-0.01437908645803807,-0.41072940541488046,0.00478262910191361,-0.011891430022305947,0.05055237579681153,0.02212312085238919,-0.03848095053628395,-0.14418487398806318,0.08047200491435196
FN040,2,-0.15714838579233878,-0.03439142322317771,-0.023964475468624825,-0.008457302965873575,-0.030887662844692892,-0.017238796978245298,-0.05216238737806295,0.0010215706349644914,-0.052242151448022835,-0.010758222450494785,-0.05942079448297306,-0.13934224799533,-0.10571472411448775,0.15607759096655646,-0.021103161891578816,-0.07062416800642896,0.04204074647277715,0.19729507063577373,0.06060416614711858,-0.14190719211304242
FN041,2,-0.1458901652065701,-0.03451010423643265,-0.010947689291004164,-0.000550230021139669,-0.05175699223093635,-0.061615139815099154,-0.0745774840066861,-0.03941526384218613,-0.05565435420263202,-0.02243852641031156,-0.1083198755462053,0.012560065063493898,0.07129459005744868,0.043995867333697085,0.10587139122637032,0.008539826893900471,-0.04267707808198328,-0.06556365661621712,-0.004661784784840777,-0.18036593846663318
FN042,2,-0.14355653199817245,-0.0336263451550868,-0.020289290779709198,-0.000641847915854376,-0.06452493117989512,0.02183781916682304,-0.02483442267360869,-0.002372248341025224,-0.006006705539933695,0.04579183043873532,0.014197215115797133,-0.028296543659655456,-0.060856263443459103,0.035300114708555604,0.012147285004649698,-0.04267629211875793,0.02036139835879156,-0.014543341392311209,0.06617517680187684,-0.09259339238734422
FN043,2,-0.13108080636466318,-0.021494123664973924,0.00033534861662875073,-0.006623938850632912,-0.06089814576986712,-0.04248852614798964,-0.029933643007599074,-0.03195365585319351,-0.04592831071952185,-0.02960871371947091,-0.08142535221883448,-0.015759072733589216,0.03313117050176721,0.02866078787358038,0.060631771925948104,-0.0222001964383175,-0.03966596503478926,-0.03766541284323731,-0.02122723724648905,-0.038542637937476906
FN044,2,-0.18208136723269017,-0.0529113917699963,-0.045415216650307046,-0.00854816793108377,-0.017778028836797022,-0.07471017371399538,-0.1105116247938351,-0.02118587220160549,-0.06658258083941052,0.05537356655921691,-0.10390267422030337,-0.23641308303303557,0.035231917591743975,0.5743165556259084,-0.04340838265715945,-0.018095204406265296,0.08248360701751799,-0.2245594332933676,-0.06785765277978476,0.47272840709835756
FN045,2,-0.16296430726509797,-0.06547595107377015,-0.032591525909425136,0.02472133975162644,-0.006240320142693409,-6.755831286007561e-05,-0.03846659990596562,-0.02575707845009435,-0.01610258586334628,0.01979783186848646,-0.00919679059935419,0.08065998476373544,-0.09871890423645409,0.04996555606759467,-0.03415727627519162,0.037619655353093494,-0.03651028437770967,0.09947863105336259,-0.011142333414071136,0.04476186367274778
FN046,2,-0.11710230204239262,-0.017955130700114334,-0.008805917287985904,0.0046377975493267715,-0.05822347706898807,-0.03341515941661244,-0.026734802954060034,-0.040908213856232674,-0.0443815374482255,-0.019343884578140114,-0.011281181013051292,0.017645768985692152,-0.01178889096808268,-0.043539097494689746,0.013216974221380046,-0.08243849646913232,0.0015026449848964474,-0.09244389777377773,0.13428099396543708,0.02218872627847756
FN047,2,-0.134417014702066,-0.02452564845548337,-0.007117218475979959,0.0011274855253539705,-0.04077647441122807,-0.03599390010354307,-0.03638582612132725,-0.03058212572599187,-0.027748978578237597,-0.014633026102022988,-0.04141246667506578,-0.004771803808217903,-0.0015836650553911833,0.015354464475956387,0.028037531573048707,-0.036539865399708334,0.001970420526019588,-0.03399146977511133,0.03874919710754285,-0.029110272596461376
FN048,2,-0.08344286176428146,0.011630807176857149,-0.06671219524153921,-0.05671876057369407,-0.023556347782336267,0.024537593336211857,-0.06133435605999555,0.02695422210190213,-0.013188615933611585,0.010496303276108319,-0.05769233509846812,0.006045539880453499,0.0082546663680415,0.017715510759863586,0.0342311618099899,0.018242710473438933,-0.08137559870525299,0.10882450273898434,-0.004597249715325375,-0.03554813222265982
FN049,2,-0.15871809465628578,-0.037449394602864824,-0.024271513530648228,-0.002744680898775202,-0.07339896489567498,-0.00521317168888589,-0.045616656335629106,-0.012060921401767613,-0.002004169675874863,0.0031351035798181993,-0.06754833173489223,-0.0654510332721286,-0.03656458470950169,0.2318408253370346,-0.01970232100394859,0.006183143488387946,-0.022743601572055877,0.036224315692897635,0.09874892691239037,-0.2553097002942899
FN050,2,-0.1715244316279018,-0.02386825663079646,-0.034991122494911514,-0.017453405507702323,-0.2918117354752055,0.4305045507398958,0.3294372595834337,0.2912048769190169,-0.12357523107287081,0.047357913550334,0.04211114278303733,0.000714061049715682,0.037069199387968245,-0.049358923270410054,0.009056353745059758,-0.016409119953016284,-0.0002037626598468995,-0.10586980268245223,0.004234642304654597,0.08587894454430436
FN051,2,-0.17742127391652934,-0.04308823405372954,-0.0253216895541847,-0.007142919033408801,-0.1915719652383479,0.07604873800766151,-0.046081888293717434,-0.09872952466556574,0.3328657861080935,-0.024841435973964703,0.007096890631398916,0.027784889762539726,-0.02145406498707458,0.06959888497231051,0.04745818703898296,0.015635928478427926,0.02369310749997903,0.04219652653412986,0.050779699862398796,-0.10875238858772204
FN052,2,-0.1787391311869534,-0.043774054553121236,-0.02378203275118505,0.0014867628937584726,-0.33786854499581803,0.21070172362872663,0.005527635682942696,-0.1648856378432606,0.6918414265732753,-0.06163628099415209,0.07532088187422091,0.029834781999757903,0.005161316684672789,-0.06481395311168009,-0.03795313006208643,0.01975492786529983,0.012592358652376803,-0.04761304978514703,-0.04502498470405725,0.1014416758182855
FN053,2,-0.03307997496805024,0.044759312206456583,-0.07371096879387136,-0.07436381071279244,-0.046280726424408614,0.04933485074278257,-0.09269334225310386,0.010135957837132129,0.06398380979282423,0.052002614510631505,-0.020956730439735373,0.012520809845639197,0.015549189852257794,-0.017691913761776465,-0.008343801207481292,-0.007008630031785413,-0.0631968782595555,0.07947787923489624,0.06923124271146676,-0.035630371841434194
FN054,2,-0.19416732477463358,-0.07787679234759763,-0.056388577439732766,-0.0024250384133674397,0.08029937811206074,-0.0598807347482564,-0.08509423992876064,-0.06686253739700022,-0.05334666361547877,0.18126426589450112,0.3618493779267557,0.0034863570332790868,0.6448805694953096,-0.04815115577579032,-0.15200479455160784,0.04187549531256636,0.017395381647439683,0.038434157002475086,0.039173281480793125,-0.01146547689278946
FN055,2,-0.2103058919514058,-0.05853783524044624,-0.04714092988923227,-0.01094880264511176,-0.18712529818487683,0.11791695501002918,-0.032099927022151566,-0.08711644148295387,0.346230953389812,0.0026420156188334512,0.06901493741876562,0.012812038587683466,-0.014929324736313516,0.10133589687242421,0.014564919456395603,0.019129530799997324,0.03068699110765142,0.044592657819257926,0.07153551585545263,-0.12424654753500394
FN056,2,-0.13828242328981866,-0.028775586336615512,-0.00886284851713371,0.007121234902597118,-0.07274164272671181,-0.03254365900111287,-0.030724655844671225,-0.053775976848372785,-0.005918715291218914,-0.005155944693771996,-0.06947925857950499,0.0008611984712822122,-0.0018253740345793139,0.03267784994326314,0.09880578905886035,0.008703586485971219,-0.08951379248690215,-0.16310206902879484,0.014480063446124928,0.028413054541946342
FN057,2,-0.1789601339243167,-0.05166095217404727,-0.047275743242078457,-0.008507543201954045,-0.02369523314946011,-0.06980112140623196,-0.107684992295003,-0.02068913605766573,-0.06287335074003551,0.056389964910422655,-0.1014974492737869,-0.2291964584385167,0.036604276788090556,0.5707447942895907,-0.0384284216408261,-0.01979511881221301,0.08072845413038403,-0.23367092814848187,-0.06479258571742466,0.4802853584812435
FN058,2,-0.13191269245636228,-0.021654625531587264,-0.012401349424017327,0.0019525356570624867,-0.05417279134084314,-0.0372329790634462,-0.04768019879253543,-0.010214554916861532,-0.0042133532684759355,-0.019068168880688106,-0.061867173254865154,0.002538935786076875,0.01810616649274509,0.03211593465678544,0.0248033636489269,-0.027715855070777937,0.024051359494888902,-0.010592944390109514,0.037444309936709635,-0.05812752290613435
FN059,2,-0.26021386436837624,-0.1631750252026662,-0.11673200660931432,-0.025929474066391855,0.5821210287533554,0.09372780688007841,0.2560488351249851,0.10887730041707525,0.17989607235239352,-0.14413466067672884,-0.1567120711657594,-0.1533827031864545,-0.02919443133612118,0.0010418326049205912,-0.03765922183352851,-0.06888933361443558,0.02494748799296124,0.05806927497527894,0.007158287502324972,0.09520489957856172
FN060,2,-0.14702802295032608,-0.025527834240166327,-0.008901498618186501,0.004502185255570939,-0.15859572189756205,0.03843906861703939,-0.0561496093301596,-0.09047569423248912,0.26109344009421,-0.04316973796015859,-0.0020752180012198187,0.04020802124811817,0.01098528841436959,0.0021942384135653827,0.02095922352288047,0.002027734558741986,0.007793184989784829,0.03848510710396361,-0.025084442257301016,-0.05261376560891887
FN061,2,-0.2172457776411675,-0.10125522352034831,-0.06833853417097152,-0.014624018362638195,0.21704728658492614,-0.010225233568569381,0.004349215685027409,0.022123489635825437,-0.04113325167100974,-0.05035151040649209,-0.24509027148157253,0.6475211954437479,-0.1029674161970001,0.01902852388341133,-0.32427100062099046,0.029958701095533703,0.010616963537857817,-0.009112541163662176,-0.05088704171735309,0.07411873294693956
FN062,2,-0.24060884951860148,-0.1350970434414172,-0.10241190285388858,-0.02174416668944424,0.4878871517820634,0.025322355824047908,0.15911495539954348,-0.011704504766126857,0.1497844295284663,-0.08042361453963637,0.07173920109006908,-0.09597071198090137,0.1752662273721864,-0.13018768203158254,0.19144924947755532,0.046995353099846066,-0.0077922411621637756,-0.10132816005963435,0.03148861061360282,-0.11470941833704422
FN063,2,-0.1527245152037499,-0.03361138296174782,-0.02288273870292655,0.008887674834241919,-0.08938564821882632,-0.04312807071213472,-0.04214777282281202,-0.046726913764394154,-0.07862760281096626,-0.0518609460683047,-0.12978657953350858,0.0007887313534775419,-0.00597103835654118,-0.03762384248193712,0.008277145824543771,0.0979955622499381,-0.10665136560071214,0.1907999399570224,0.11003110031808958,0.029109077325472504
FN064,2,-0.15719707744519892,-0.03161736533767722,-0.021086491831360063,0.01425530688933852,-0.09288013338359176,-0.0305693476261906,-0.035760531794026024,-0.046530884500006135,-0.0764352219039581,-0.05421573353183011,-0.12859853684986494,0.018234671254285195,-0.013911211434030978,-0.03130708701188681,0.009476674895612614,0.082726587019774,-0.10769102696947053,0.1912500032202503,0.13546435682464691,0.02455654382245115
FN065,2,-0.179286284216385,-0.07314445707559289,-0.03206481147391462,0.002058201090226689,0.01995295004068197,-0.043694332105397915,-0.09600881844987547,-0.04430628088416284,-0.0766822790613066,0.0949718848874526,0.19407605849597878,-0.02710222430768377,0.21208709500070747,0.08562797279042977,-0.08043367568355075,0.03571289352693777,-0.04336125897760161,0.12514941084969922,-0.06113024681168315,0.038079185673334334
FN066,2,-0.1437380955840506,-0.030682698034151665,-0.01593836725215057,0.008313288914873497,-0.06458877986644564,-0.03604016932597913,-0.0634129744141206,-0.054358941666495575,-0.04108960125222241,0.02602578297862273,0.05605569580119631,-0.01657767469964959,-0.1670973429343493,-0.01235189365717314,-0.004056755414820175,0.015223933466090961,-0.0021375333906055237,0.045647729401024094,-0.021162314582471003,0.10721265558525561
FN067,2,-0.17336740035076537,-0.029596403652797344,-0.024230665370989463,-0.026235416354731908,-0.16698640549002022,0.3215260594856437,0.24287036412824983,0.2563086451913693,-0.1842909097439684,0.06673849876317345,0.014638842743453995,-0.04426211011446694,0.009707008910770408,0.003446083786915152,-0.032292035294835215,0.07342659315473582,-0.0025750907390021684,0.09398479831799088,-0.05363323242789336,-0.06665395282780967
FN068,2,-0.15114674245422477,-0.045461324315229146,-0.019825578183527894,0.00010320974158517072,-0.03629296668670521,-0.026514892994006486,-0.04728635444839009,-0.04857924189457835,-0.06609483380312667,0.05098541552391439,0.11187223534057929,-0.021055547138753867,0.05988289342366969,0.06901671657318005,-0.04614634621707081,-0.006129066594331639,-0.055805184484622135,0.15567401739217204,0.09154840431152535,0.08856596301638209
FN069,2,-0.17015153021527607,-0.06559019556178404,-0.03355743492665459,0.0009102408881446957,-0.025370013863953766,-0.023356139073144495,-0.06049979982344712,-0.03661789208817788,-0.06238799939933049,0.010161349139604307,0.003179175702928881,0.0981178264717992,0.11039674455205516,0.09689213854989855,-0.004236008273406237,0.04396554292688704,-0.065258886068178,0.011017945299765079,-0.19236606235448434,-0.0551197088227877
FN070,2,-0.16251373103640804,-0.04934169453162908,-0.027751112362332225,-0.002084444927444716,-0.013672795386664428,-0.03898955433186761,-0.05757327149645872,-0.029377631638024274,-0.04698480263679961,0.00779761053737345,-0.05711236278070733,0.07283453880725085,0.07862343474525006,0.09124559578595422,0.013700221208208123,0.010644045023998534,-0.048747654000376985,0.01563221196985593,-0.10450332482044243,-0.17558478738404873
FN071,2,-0.13009031607118565,-0.022178897628817747,-0.013120603472024128,0.016166560633271022,-0.08743999941441077,-0.022812059331294748,-0.036029930924704946,-0.035661875408259006,-0.016089440928144336,-0.02224463782283836,-0.03689029544413628,-0.019510906770853938,0.014760025564850792,0.05171938724101032,0.010034121711973725,-0.11010676723882178,0.038482578447432574,-0.07939607264253108,0.19184358494451978,0.05419356711614126
FN072,2,-0.1832610306260582,-0.07030252197318616,-0.03585715732181084,-0.003368538943656841,0.04317429735257482,-0.030905965508255844,-0.06548560615478409,-0.02394566584950789,-0.052818008368056245,0.07296695444079021,0.0861953892283511,0.03687895165136012,0.2599679107951225,0.0912191659502065,-0.11572833806615347,0.04147562734206196,-0.026241833213749503,0.04292943758871819,-0.1401115658283958,-0.02155938397046183
FN073,2,-0.15681667229904075,-0.04353635545839627,-0.016209240155382543,0.0003698057117424448,-0.06150215443254017,-0.06225705632619794,-0.08656538533646192,-0.024584767810393652,-0.06990589182452404,-0.021853278082513652,-0.1480770568205509,0.005887296471685996,0.0609067486477954,0.10706052036584632,0.06885184185230374,0.01124974944158885,-0.04384810500677191,-0.0033198950562861006,-0.006914983913801143,-0.2915383668565981
FN074,2,-0.18842324469785804,-0.07334299185805483,-0.05471919467664722,-0.0015984403560856163,0.07242224304652002,-0.06088167093638552,-0.09093476837886269,-0.06694463666420306,-0.05478943983890825,0.1876400026539932,0.35744348092604317,0.0008775959244528913,0.6160331297886856,-0.05323710734996172,-0.15684551665854052,0.032365378146210926,0.027073101395102453,0.04764276892773417,0.06256817289418394,-0.016817865648950662
FN075,2,-0.129201871066556,-0.02262515090088822,-0.012486230993510677,0.015146226879199481,-0.07840441701319269,-0.029294598078464632,-0.037337429743137696,-0.024238916493457108,-0.03582001954666481,-0.025158614697997673,-0.04937176760120205,-0.043524141787420714,0.02514723099784874,0.03170495222267572,0.003575697446027606,-0.07742871436273369,0.004090313601726565,-0.1111856717905352,0.22152156305131004,0.07551930115212888
FN076,2,-0.12778453577348986,-0.01775630819480659,-0.014227382132569336,-0.0003130143732916601,-0.05723279856712713,-0.008837439240643414,-0.0074066109563483366,-0.007358842921315966,-0.051433927047665966,-0.03805106341011365,-0.05740999223930429,-0.01387693961517203,-0.014249388216393214,0.005945148281308629,-0.014874923433865374,-0.008183602247305697,0.00784481910400323,0.07366135959883968,0.014278505690183135,0.0029346426370066452
FN077,2,-0.1905606609813483,-0.051709121146095674,-0.029072668744799187,-6.457030379547519e-05,-0.33670232869464817,0.22641332745517434,0.009580840790061485,-0.1588373081178287,0.7167069950661482,-0.05697312671956868,0.0794688774759288,0.019693430126451323,-0.0022775278327116463,-0.04746317212334241,-0.04276747211197921,0.023831198717044404,0.014932886313284714,-0.037150317227263634,-0.04497355324338423,0.08067127337503861
FN078,2,-0.15957012076304528,-0.051759590869668366,-0.03385268723103939,-0.0008785321874157946,0.022369554094360897,-0.057261212624190976,-0.09235124591521911,-0.047642288052988355,-0.07964598260284994,0.11023452621097751,0.23044426064292794,-0.029887715362360845,0.46022594848059034,0.02861936439558074,-0.14758043146770233,0.056490364989912945,-0.002649573620973636,0.051179354941304406,-0.1016114632411306,0.02307324888730315
FN079,2,-0.16780164931196526,-0.06131274913912405,-0.03168037294415311,0.005961477220103835,0.0400080312783778,-0.0061380273745543215,0.005484633357070747,0.002848914869770555,0.0036542298751650383,-0.04034994823139575,-0.10218427711382445,0.06400137220148569,0.02094755422930545,0.012970123162499927,0.023626666208328734,0.08466903704833086,-0.060573137674099255,0.09179675972795634,-0.051493712238917015,-0.03244663510640161
FN080,2,-0.1647708831422233,-0.05140095345580075,-0.030469783842326473,-0.005650280386438068,-0.03472188005635641,-0.01551305593147232,-0.035751448894485234,-0.003418216277694394,-0.04859142900361634,-0.023204059673305293,-0.08433860064762692,-0.08935391656227895,-0.08854383274892531,0.16949530333318663,-0.027619134484085917,-0.009005405133042666,0.011461439546182077,0.09694235389511535,0.03663274361838435,-0.13161172856281134
FN081,2,-0.19216253720760823,-0.0601872147885723,-0.0398420780369763,-0.005439161246869939,0.03598962253153429,0.008646647403528725,-0.03172536900336063,-0.002817898617176806,-0.05725309089539375,0.023780116268049743,-0.10910959727743136,0.43439083428847813,-0.05117513238231328,-0.00734575059810855,-0.11448125300646139,0.04965960124406705,-0.018173567750198037,-0.07711724830967423,-0.05016334525650593,0.025363722183342072
FN082,2,-0.15164544660982532,-0.03069386970053483,-0.016312426794364083,0.007398031231529808,-0.07923363843902155,-0.023997862104852635,-0.03831367401700477,-0.06852865279655979,-0.005083686321973622,0.02405569983024077,-0.07951669134090976,0.010493506038136246,-0.008563039671919116,0.061696611405640284,0.18236609670740528,0.02186248608746224,-0.10664720490316225,-0.21606130253837277,0.01915571092107416,0.01682779936789957
FN083,2,-0.14150320510580555,-0.03563400281468947,-0.017499563507549245,0.008988565610387775,-0.012055814694302492,-0.02482320945859197,-0.022618424172526224,-0.03229959863734351,-0.044880000553303566,-0.008321304842340527,0.003035169331149604,0.043293408576582,0.04243829419984701,-0.11101849573963607,0.0822248978501896,-0.04836042707932774,0.02696189770633724,-0.06646846011066644,0.15575193346125613,0.045756419804982275
FN084,2,-0.221061235316495,-0.10315355440781361,-0.0671768446627991,-0.014504309048229282,0.2242744256621311,-0.007300643712269926,0.0058971959747892485,0.022562466762907792,-0.038466173194458095,-0.05242830521931418,-0.24890775072286184,0.6468952284463851,-0.09636240386951211,0.015750671225691654,-0.3164963441389502,0.03553620296661481,0.009001997891560308,-0.013263070782852354,-0.05560625352037512,0.07510211041353045
FN085,2,-0.1929030767011516,-0.03657903221496079,-0.04205549018728296,-0.03273947124585101,-0.24094370350086086,0.47209890383291425,0.36208500443574826,0.37369418806266463,-0.2241404367044182,0.0731152423565409,0.05314159542074149,-0.03306176709921901,0.019322675433044337,-0.028706396725399284,-0.02943516777422572,0.042840398829228,0.004271302679502559,-0.011900538420873902,-0.04913365901987857,0.027780926455907424
FN086,2,-0.19671617405278985,-0.0824541183340767,-0.055966043298298164,-0.010808617235994933,0.11355060915964237,-0.03517775313739548,-0.016185504354018776,-0.0121359113320496,-0.013131531613399947,0.006525904791497691,-0.03666720814771122,-0.0025401685204628622,-0.038875050623285154,0.06052734131139845,0.09702549144735077,0.08484920641840274,-0.027666749755561174,-0.10275985829465953,-0.07030169316926457,-0.021325093856560357
FN087,2,-0.2600594867438098,-0.14080601431290266,-0.09426989599938354,-0.03843910407501261,0.4493936564644352,0.07700905467492536,0.1663578644137259,0.09219352849861376,0.11740057219032633,-0.05293761287824914,-0.060827712879573025,-0.14628245766154882,-0.07698042148515404,0.08082113172655635,-0.06152613109688782,-0.05384365382355806,0.014407104643510556,0.08416518995459991,0.008634639414102245,0.07151147611700971
FN088,2,-0.21912810234314206,-0.09815350718068616,-0.07565849647250991,-0.015440411125109481,0.207987682509782,0.013022504815312573,-0.000819145164877275,-0.02777753678314348,0.02987966276406768,0.11787205627456229,0.27741024295398087,-0.1431192465994734,-0.3006015296728731,-0.052030820495373324,0.06323167566823179,-0.14446779127015,0.08196958595151159,0.082424560865233,0.10140121460089858,-0.12616065483921937
FN089,2,-0.16221556803639262,0.002408804705089302,0.014810197122701005,-0.03290031425005146,-0.016189075581424166,0.12468873027533675,0.06546318163880725,0.11965249279101832,-0.0658580673878047,0.09130393390210481,0.022030247235501222,-0.07255998147497321,-0.041032713235482396,0.07542310524987725,-0.08728323258226059,0.03291835264109091,0.014307405399219908,0.1837558474214961,0.0055855556821532175,-0.1053417184299889
FN090,2,-0.16271571936827703,-0.04337187721139616,-0.021908451723567198,-0.0015826421692012912,-0.03118657320035224,-0.034953607891667585,-0.060787283886851985,-0.01888731050084581,-0.058074634903964195,0.008112243636899078,-0.012048713912228661,-0.12532234085203803,-0.11579782071678599,0.12839804636429955,-0.0002838570130872619,-0.08746700908705324,0.05327023601918232,0.11334828089118847,0.02853137359740108,-0.054725759068728584
FN091,2,-0.18980878190642864,-0.06495132613568003,-0.04852840633279898,-0.00796468506620883,0.00022831314160869846,-0.017953954470230418,-0.07072027609245984,-0.012606768764073503,-0.03996302647540469,0.03780505982686471,-0.033234553226414436,-0.08002499529130662,-0.061941441562300366,0.31985991801734287,-0.027125291272762204,-0.008408821201044503,-0.011663282544908385,0.006455837507620079,0.0825781345853494,-0.29009527772002774
FN092,2,-0.16403503891577845,-0.033848336494045936,-0.03492719574988822,-0.005782047159001777,-0.23721612295069028,0.3825973149309437,0.3081418004413199,0.2835259526941959,-0.21025096112994957,0.009817390615730321,0.011612705589741113,0.001998492212550199,0.05656073831416926,-0.04959458864015728,0.0212046055499975,-0.03848428444307796,0.02275736902207746,-0.11580736754140745,0.09371318195503274,0.09294232997507673
FN093,2,-0.18531342438681508,-0.060522678742098046,-0.04808731299320014,-0.007548983640016875,-0.009672239788381328,-0.050429127587481644,-0.08157809858868552,0.006983401765413384,-0.0381588187146799,0.006589739757228401,-0.08019511353409672,0.0013580115098349966,-0.02491364122781978,0.2400591964087561,-0.0010878188159286475,0.017725900502266502,-0.03376010574414381,0.02196078006610776,0.07517746144394888,-0.3059465348335249
FN094,2,-0.19144810413736876,-0.06975554997830563,-0.042911082076557756,-0.013805079295296082,0.05738481429359799,0.05891902819625177,0.01058232963556655,0.029929126988761028,-0.006614548498389907,0.06425334297170224,0.10155373917787221,-0.05325949071697608,-0.14825865013900907,0.005713547398984005,0.0509964399372369,-0.07420017661017625,0.0326272164468245,0.06743358555881546,0.04483740389817168,-0.11153855658814367
FN095,2,-0.23408079848421018,-0.13223705484992096,-0.09414355056088396,-0.01415423944621181,0.4726715923585811,0.039545318133445605,0.1756467980642904,0.027637333655500754,0.13876525714857127,-0.1270088811124446,-0.07524403141595865,-0.06762849070574453,0.1417416565298662,-0.0847201944139834,0.12262305963088954,0.05771175543529681,-0.0172544715002469,-0.04387477251939411,0.018894634300923394,-0.026255387855172185
FN096,2,-0.14725049866131046,-0.035570884791250354,-0.022415295604145676,-0.0035181548519542076,-0.041458458181619876,-0.013624964513150994,-0.029057748265104162,0.02426184005603969,-0.04053384861773694,-0.028164220372437834,-0.09263334864925847,-0.02773947020248655,-0.0544706038202203,0.08795481648878527,-0.044924137487453976,0.02896477317220142,-0.042021393538063674,0.11695460340314759,0.015255080353552995,-0.10307160765593758
FN097,2,-0.24460374319594202,-0.13804757033627754,-0.10202895053405413,-0.022526795852334445,0.5066802951881257,0.024394673168976092,0.16550343764646175,-0.005856549484594597,0.16034925396507987,-0.08924649042644363,0.05858420492945394,-0.11318696834641505,0.17515745570560892,-0.1232349702079844,0.1782135324723947,0.04966819683617203,-0.008244865876153959,-0.09834887884027507,0.031819500306418266,-0.11011436411402667
FN098,2,-0.15205028211433075,-0.03507117615633308,-0.03731952283182751,0.00012295808095409363,0.02023466467710913,-0.020452111674406283,-0.02940771621770143,-0.02412688484539074,-0.0399019143485875,0.003166941204330625,0.004968095451521859,-0.007388754028634599,0.06582320472575032,0.039658288322589684,0.03193383863200251,0.051057556871141205,-0.003768429888747884,-0.0183104816344731,-0.0608809215295355,0.010569642704657146
FN099,2,-0.2572665278238098,-0.15918028785794258,-0.11045260641075474,-0.025934632224883816,0.5685063795003987,0.08938604401814434,0.25196019083538407,0.10408512356751339,0.17794603243052626,-0.15164411899032826,-0.17691295842846522,-0.15309692313135204,-0.018866972052867474,0.006565647898095653,-0.026484565018861417,-0.06056186258489694,0.016019999195640528,0.051006226781128386,0.00465831011163637,0.0972337639432532
FN100,2,-0.19572613485904594,0.0027008701159734,-0.07266255994659171,-0.042846852630421026,-0.24815365500586198,0.4817074487100924,0.31287763212830666,0.27388381827492586,-0.16568506662120283,0.016861360559455873,0.02159389959098046,-0.008342407595589737,0.018848451801278636,-0.00149575310724615,-0.0036461029711321014,0.027538142424704173,-0.00623369799475421,-0.018902028292843126,-0.0068745556084554415,-0.009867417741498618
